<?xml version="1.0" encoding="UTF-8"?>

<!--	 **Script Builder 2.1 *  -->
<!--	 	 Script Name :  CCMenu -->
<!--	 	 Description :  Web Kee Pass -->
<!--	 	 File Path :  /home/pjones/Projects/JavaProjects/WebKeePassLuke/jakarta-tomcat-5.5.7/webapps/ROOT/XML/CCMenu.xml -->
<!--	 	 Last Update :  19-Apr-2008 -->
<!--	 	 User Profile:  root -->
<SCRIPT SCRIPT_NAME="CCMenu" DOCUMENT_TYPE="Menu" DESCRIPTION="Web Kee Pass" Screen_Title="Web Kee Pass">
  <SubMenu DESCRIPTION="Work With My Passwords" LINK="WKP-MyPasswords" QUICK_LINK="FALSE">
    <Script DESCRIPTION="My Passwords Profile" LINK="KeePass006" QUICK_LINK="TRUE" />
    <Script DESCRIPTION="Edit My Password" LINK="KeePass002" QUICK_LINK="TRUE" />
    <Script DESCRIPTION="My Passwords" LINK="KeePass001" QUICK_LINK="TRUE" />
  </SubMenu>
  <SubMenu DESCRIPTION="Work With Shared Passwords" LINK="WKP-SharePasswords" QUICK_LINK="FALSE">
    <Script DESCRIPTION="My Passwords Profile" LINK="KeePass006" QUICK_LINK="FALSE" />
    <Script DESCRIPTION="My Shared Password Profile" LINK="KeePass016" QUICK_LINK="TRUE" />
    <Script DESCRIPTION="Share My Passwords " LINK="KeePass007" QUICK_LINK="TRUE" />
    <Script DESCRIPTION="Passwords Shared By Others " LINK="KeePass008" QUICK_LINK="TRUE" />
    <Script DESCRIPTION="My Password Shares" LINK="KeePass013" QUICK_LINK="TRUE" />
  </SubMenu>
  <SubMenu DESCRIPTION="Work With Web Users" LINK="WKP-Users" QUICK_LINK="FALSE">
    <Script DESCRIPTION="List Web Users" LINK="UserAdmin130" QUICK_LINK="TRUE" />
    <Script DESCRIPTION="Edit Web Users" LINK="UserAdmin110" QUICK_LINK="TRUE" />
    <Script DESCRIPTION="List Web User Groups" LINK="UserAdmin120" QUICK_LINK="TRUE" />
    <Script DESCRIPTION="Edit Web User Groups" LINK="UserAdmin100" QUICK_LINK="TRUE" />
  </SubMenu>
</SCRIPT>

