<?xml version="1.0" encoding="UTF-8"?>

<!--	 **Script Builder 2.1 *  -->
<!--	 	 Script Name :  CCMenu -->
<!--	 	 Description :  Web Kee Pass -->
<!--	 	 File Path :  X:\Testing\wkp3\jakarta-tomcat-5.5.7\webapps\ROOT\XML\CCMenu.xml -->
<!--	 	 Last Update :  19-May-2008 -->
<!--	 	 User Profile:  root -->
<SCRIPT SCRIPT_NAME="CCMenu" DOCUMENT_TYPE="Menu" DESCRIPTION="Web Kee Pass" Screen_Title="Web Kee Pass">
  <SubMenu DESCRIPTION="Work With My Passwords" LINK="WKP-MyPasswords" QUICK_LINK="FALSE">
    <Script DESCRIPTION="My Password Profile" ICON="WKP8.jpg" LINK="KeePass006" QUICK_LINK="TRUE" />
    <Script DESCRIPTION="Edit My Passwords" ICON="WKP1.jpg" LINK="KeePass002" QUICK_LINK="TRUE" />
    <Script DESCRIPTION="My Passwords by Category" ICON="WKP6.jpg" LINK="KeePass001" QUICK_LINK="TRUE" />
  </SubMenu>
  <SubMenu DESCRIPTION="Work With Shared Passwords" LINK="WKP-SharePasswords" QUICK_LINK="FALSE">
    <SubMenu DESCRIPTION="Passwords I Am Sharing" LINK="WKP-MySharePasswords" QUICK_LINK="FALSE">
      <Script DESCRIPTION="Share My Passwords " ICON="WKP2.jpg" LINK="KeePass007" QUICK_LINK="TRUE" />
      <Script DESCRIPTION="My Shared Password Profile" ICON="WKP4.jpg" LINK="KeePass016" QUICK_LINK="TRUE" />
    </SubMenu>
    <SubMenu DESCRIPTION="Passwords Shared To Me" LINK="WKP-MyOthersPasswords" QUICK_LINK="FALSE">
      <Script DESCRIPTION="Passwords Shared By Others " ICON="WKP9.jpg" LINK="KeePass008" QUICK_LINK="TRUE" />
      <Script DESCRIPTION="Shared Passwords By  Category " ICON="WKP6.jpg" LINK="KeePass013" QUICK_LINK="TRUE" />
    </SubMenu>
    <Script DESCRIPTION="Edit KeePass Share Groups" LINK="KeePass017" QUICK_LINK="FALSE" />
    <Script DESCRIPTION="Edit Share Categories" LINK="KeePass014" QUICK_LINK="FALSE" />
  </SubMenu>
  <SubMenu DESCRIPTION="Work With Web Users" LINK="WKP-Users" QUICK_LINK="FALSE">
    <Script DESCRIPTION="Web User Profile" ICON="WKPD.jpg" LINK="UserAdmin130" QUICK_LINK="TRUE" />
    <Script DESCRIPTION="Edit Web Users" ICON="WKPB.jpg" LINK="UserAdmin110" QUICK_LINK="TRUE" />
    <Script DESCRIPTION="Web User Group Profile" ICON="WKPC.jpg" LINK="UserAdmin120" QUICK_LINK="TRUE" />
    <Script DESCRIPTION="Edit Web User Groups" ICON="WKPA.jpg" LINK="UserAdmin100" QUICK_LINK="TRUE" />
  </SubMenu>
</SCRIPT>

