<?xml version="1.0" encoding="UTF-8"?>

<!--	 **Script Builder 2.1 *  -->
<!--	 	 Script Name :  KeePass013 -->
<!--	 	 Description :  My Password Shares -->
<!--	 	 Server Class :  server.Akin -->
<!--	 	 Initalization Method :  getMySharesList -->
<!--	 	 File Path :  /home/pjones/Projects/JavaProjects/WebKeePass-1.071019/app/jakarta-tomcat-5.5.7/webapps/ROOT/XML/KeePass013.xml -->
<!--	 	 Last Update :  13-Dec-2007 -->
<!--	 	 User Profile:  root -->
<SCRIPT SCRIPT_NAME="KeePass013" DOCUMENT_TYPE="Window" CLASS_NAME="server.Akin" METHOD="getMySharesList" AUTO_REFRESH="true" DESCRIPTION="My Password Shares" Screen_Title="My Password Shares" WIDTH="1015" HEIGHT="680">
  <ButtonBar>
    <BarButton TYPE="CLEAR" DESCRIPTION="Clear" ICON="iClear.gif" />
    <BarButton TYPE="FIND" DESCRIPTION="Refresh" ICON="iFind.gif" METHOD="getMySharesList" />
  </ButtonBar>
  <TreeTable FIELDNAME="Table1" DESCRIPTION="Group" HEIGHT="0" WIDTH="0" METHOD="expandMySharesList">
    <TableTextField FIELDNAME="KeeperID" DESCRIPTION="+ID" LENGTH="6" DECIMALS="0" DATA_TYPE="CHR" DATA_LEN="50" PROTECTED="Y" ZERO_FILL="N" ENCRYPT="N" ALIGNMENT="Left" />
    <TableTextField FIELDNAME="KeeperDesc" DESCRIPTION="Group " LENGTH="10" DECIMALS="0" DATA_TYPE="CHR" DATA_LEN="50" PROTECTED="Y" ZERO_FILL="N" ENCRYPT="N" ALIGNMENT="Left" />
    <TableTextField FIELDNAME="CreateDate" DESCRIPTION="Date Added" LENGTH="8" DECIMALS="0" DATA_TYPE="DAT" DATA_LEN="20" PROTECTED="Y" ZERO_FILL="N" ENCRYPT="N" ALIGNMENT="Center" />
    <TableImageField FIELDNAME="KepperIcon" DESCRIPTION="Icn" LENGTH="2" />
    <TableTextField FIELDNAME="PasswordID" DESCRIPTION="-ID" LENGTH="2" DECIMALS="0" DATA_TYPE="INT" DATA_LEN="50" PROTECTED="Y" ZERO_FILL="N" ENCRYPT="N" ALIGNMENT="Left" />
    <TableTextField FIELDNAME="a0" DESCRIPTION="Title" LENGTH="10" DECIMALS="0" DATA_TYPE="CHR" DATA_LEN="50" PROTECTED="Y" ZERO_FILL="N" ENCRYPT="Y" ALIGNMENT="Left" />
    <TableTextField FIELDNAME="b9" DESCRIPTION="User Name" LENGTH="10" DECIMALS="0" DATA_TYPE="CHR" DATA_LEN="50" PROTECTED="Y" ZERO_FILL="N" ENCRYPT="Y" ALIGNMENT="Left" />
    <TableTextField FIELDNAME="j1" DESCRIPTION="Shared By" LENGTH="8" DECIMALS="0" DATA_TYPE="CHR" DATA_LEN="50" PROTECTED="Y" ZERO_FILL="N" ENCRYPT="Y" ALIGNMENT="Left" />
    <TableTextField FIELDNAME="w3" DESCRIPTION="Share Name" LENGTH="8" DECIMALS="0" DATA_TYPE="CHR" DATA_LEN="50" PROTECTED="Y" ZERO_FILL="N" ENCRYPT="Y" ALIGNMENT="Left" />
  </TreeTable>
  <Panel POSITION="Left" HIDDEN="N">
    <Button FIELDNAME="UpdGrp" DESCRIPTION="View Shared Password" POSITION="Left" LINK="KeePass012" PARAMETER="Table1" METHOD_CLASS="TheCrypt" METHOD="getSharedCrypt" />
    <Button FIELDNAME="CrtGrp" DESCRIPTION="Create Share Group" LINK="KeePass014" PARAMETER="Table1" />
    <Button FIELDNAME="UpdGrp" DESCRIPTION="Update Share Group" LINK="KeePass015" PARAMETER="Table1" />
  </Panel>
</SCRIPT>

