<?xml version="1.0" encoding="UTF-8"?>

<!--	 **Script Builder 2.1 *  -->
<!--	 	 Script Name :  KeePass007 -->
<!--	 	 Description :  Share My Password -->
<!--	 	 Server Class :  server.Akin -->
<!--	 	 Initalization Method :   -->
<!--	 	 File Path :  /home/pjones/Projects/JavaProjects/WebKeePass-1.071019/app/jakarta-tomcat-5.5.7/webapps/ROOT/XML/KeePass007.xml -->
<!--	 	 Last Update :  13-Dec-2007 -->
<!--	 	 User Profile:  root -->
<SCRIPT SCRIPT_NAME="KeePass007" DOCUMENT_TYPE="Window" CLASS_NAME="server.Akin" AUTO_REFRESH="false" DESCRIPTION="Share My Password" Screen_Title="Share My Password" WIDTH="820" HEIGHT="524">
  <ButtonBar>
    <BarButton TYPE="FIND" DESCRIPTION="Find/Refresh" ICON="iFind.gif" METHOD="initAkinList" />
    <BarButton TYPE="POST" DESCRIPTION="Update Changes" ICON="iEdit.gif" METHOD="updAkinList" />
    <BarButton TYPE="NEW-LINE" DESCRIPTION="New Share" ICON="iEdit.gif" />
    <BarButton TYPE="DEL-LINE" DESCRIPTION="Remove Selected Shares" ICON="idelete.gif" METHOD="deleteAkin" />
  </ButtonBar>
  <Panel POSITION="Left" HIDDEN="N">
    <TextField FIELDNAME="PasswordID" DESCRIPTION="Password ID #" LENGTH="4" DECIMALS="0" DATA_TYPE="INT" DATA_LEN="5" POSITION="Left" PROTECTED="N" HIDDEN="N" ZERO_FILL="N" ENCRYPT="N" LINK="KeePass006" METHOD="initAkinList" />
    <TextField FIELDNAME="a0" DESCRIPTION="Title" LENGTH="30" DECIMALS="0" DATA_TYPE="CHR" DATA_LEN="50" PROTECTED="Y" HIDDEN="N" ZERO_FILL="N" ENCRYPT="Y" />
  </Panel>
  <Panel POSITION="Left" HIDDEN="N">
    <Table FIELDNAME="Table1" HEIGHT="12" WIDTH="0" POSITION="Left">
      <TableTextField FIELDNAME="AKinID" DESCRIPTION="ID" LENGTH="3" DECIMALS="0" DATA_TYPE="INT" DATA_LEN="20" PROTECTED="Y" ZERO_FILL="N" ENCRYPT="N" ALIGNMENT="Left" />
      <TableTextField FIELDNAME="x2" DESCRIPTION="User / Group" LENGTH="10" DECIMALS="0" DATA_TYPE="CHR" DATA_LEN="40" PROTECTED="N" ZERO_FILL="N" ENCRYPT="Y" ALIGNMENT="Left" />
      <TableTextField FIELDNAME="w3" DESCRIPTION="Share Desc" LENGTH="20" DECIMALS="0" DATA_TYPE="CHR" DATA_LEN="50" PROTECTED="N" ZERO_FILL="N" ENCRYPT="Y" ALIGNMENT="Left" />
      <TableCheckBox FIELDNAME="v4" DESCRIPTION="Share Active" ENCRYPT="Y" />
      <TableComboBox FIELDNAME="U5" DESCRIPTION="Share Group" LENGTH="10" PROTECTED="N" ENCRYPT="Y" ALIGNMENT="Left" LIST_TABLE_NAME="wkpGroups" LIST_TABLE_FIELD="KeeperID" LIST_TABLE_DESCRIPTION="KeeperDesc" LIST_TABLE_SELECTTION=" j1=:[Share-Group/]:">
	<ComboItem DESCRIPTION=" " DEFAULT_VALUE=" " />
      </TableComboBox>
    </Table>
  </Panel>
  <Panel POSITION="Left" HIDDEN="N">
    <Button FIELDNAME="VPWD" DESCRIPTION="Create Shared Group" LINK="KeePass014" />
    <Button FIELDNAME="VPWD" DESCRIPTION="Update Shared Group" LINK="KeePass015" />
  </Panel>
</SCRIPT>

