<?xml version="1.0" encoding="UTF-8"?>

<!--	 **Script Builder 2.1 *  -->
<!--	 	 Script Name :  KeePass007 -->
<!--	 	 Description :  List My Password Groups -->
<!--	 	 Server Class :  server.TheCryptKeeper -->
<!--	 	 Initalization Method :  getwkpGroupsList -->
<!--	 	 File Path :  /home/java/WKP11/jakarta-tomcat-5.5.7/webapps/ROOT/XML/KeePass007.xml -->
<!--	 	 Last Update :  30-Jun-2007 -->
<!--	 	 User Profile:  root -->
<SCRIPT SCRIPT_NAME="KeePass007" DOCUMENT_TYPE="Window" CLASS_NAME="server.TheCryptKeeper" METHOD="getwkpGroupsList" AUTO_REFRESH="false" DESCRIPTION="List My Password Groups" Screen_Title="List My Password Groups" WIDTH="840" HEIGHT="630">
  <ButtonBar>
    <BarButton TYPE="CLEAR" DESCRIPTION="Clear" ICON="iClear.gif" />
    <BarButton TYPE="FIND" DESCRIPTION="Find It!" ICON="iFind.gif" METHOD="getwkpGroupsList" />
  </ButtonBar>
  <Table FIELDNAME="Table1" HEIGHT="20" WIDTH="20" POSITION="Left">
    <TableTextField FIELDNAME="KeeperID" DESCRIPTION="-ID" LENGTH="5" DECIMALS="0" DATA_TYPE="INT" DATA_LEN="50" PROTECTED="Y" ZERO_FILL="N" ENCRYPT="N" ALIGNMENT="Left" />
    <TableTextField FIELDNAME="PrntID" DESCRIPTION="Prnt ID" LENGTH="5" DECIMALS="0" DATA_TYPE="INT" DATA_LEN="50" PROTECTED="Y" ZERO_FILL="N" ENCRYPT="N" ALIGNMENT="Left" />
    <TableTextField FIELDNAME="KeeperDesc" DESCRIPTION="Title" LENGTH="12" DECIMALS="0" DATA_TYPE="CHR" DATA_LEN="50" PROTECTED="Y" ZERO_FILL="N" ENCRYPT="N" ALIGNMENT="Left" />
    <TableTextField FIELDNAME="KeeperIcon" DESCRIPTION="Icon Name" LENGTH="12" DECIMALS="0" DATA_TYPE="CHR" DATA_LEN="50" PROTECTED="Y" ZERO_FILL="N" ENCRYPT="N" ALIGNMENT="Left" />
    <TableTextField FIELDNAME="CreateDate" DESCRIPTION="Create Date" LENGTH="8" DECIMALS="0" DATA_TYPE="DAT" DATA_LEN="50" PROTECTED="Y" ZERO_FILL="N" ENCRYPT="N" ALIGNMENT="Center" />
    <TableTextField FIELDNAME="LastUpdate" DESCRIPTION="Updated" LENGTH="8" DECIMALS="0" DATA_TYPE="DAT" DATA_LEN="50" PROTECTED="Y" ZERO_FILL="N" ENCRYPT="N" ALIGNMENT="Center" />
  </Table>
</SCRIPT>

