<?xml version="1.0" encoding="UTF-8"?>

<!--	 **Script Builder 2.1 *  -->
<!--	 	 Script Name :  KeePass015 -->
<!--	 	 Description :  Update Shared Group -->
<!--	 	 Server Class :  server.TheCryptKeeperShare -->
<!--	 	 Initalization Method :  getCryptKeeper -->
<!--	 	 File Path :  C:\WebKeePassMy\jakarta-tomcat-5.5.7\webapps\ROOT\XML\KeePass015.xml -->
<!--	 	 Last Update :  27-Dec-2007 -->
<!--	 	 User Profile:  root -->
<SCRIPT SCRIPT_NAME="KeePass015" DOCUMENT_TYPE="Window" CLASS_NAME="server.TheCryptKeeperShare" METHOD="getCryptKeeper" AUTO_REFRESH="false" DESCRIPTION="Update Shared Group" Screen_Title="Update Shared Group" WIDTH="600" HEIGHT="380">
  <ButtonBar>
    <BarButton TYPE="CLEAR" DESCRIPTION="Clear/New " ICON="iClear.gif" />
    <BarButton TYPE="FIND" DESCRIPTION="Find/Refresh" ICON="iFind.gif" METHOD="getCryptKeeper" />
    <BarButton TYPE="PREV" DESCRIPTION="Previous" ICON="iPrev.gif" METHOD="prvCryptKeeper" />
    <BarButton TYPE="NEXT" DESCRIPTION="Next" ICON="iNext.gif" METHOD="nxtCryptKeeper" />
    <BarButton TYPE="POST" DESCRIPTION="Update Changes" ICON="iEdit.gif" METHOD="updCryptKeeper" />
  </ButtonBar>
  <Panel POSITION="Left" HIDDEN="N">
    <TextField FIELDNAME="KeeperID" DESCRIPTION="ID #" LENGTH="4" DECIMALS="0" DATA_TYPE="INT" DATA_LEN="5" POSITION="Left" PROTECTED="N" HIDDEN="N" ZERO_FILL="N" ENCRYPT="N" />
    <TextField FIELDNAME="KeeperDesc" DESCRIPTION="Group Desc." LENGTH="30" DECIMALS="0" DATA_TYPE="CHR" DATA_LEN="50" POSITION="Left" PROTECTED="N" HIDDEN="N" ZERO_FILL="N" ENCRYPT="N" />
    <TextField FIELDNAME="KeeperIcon" DESCRIPTION="icon File Name" LENGTH="15" DECIMALS="0" DATA_TYPE="CHR" DATA_LEN="50" POSITION="Left" PROTECTED="N" HIDDEN="N" ZERO_FILL="N" ENCRYPT="N" />
    <TextField FIELDNAME="CreateDate" DESCRIPTION="CreateDate" LENGTH="12" DECIMALS="0" DATA_TYPE="DAT" DATA_LEN="20" POSITION="Left" PROTECTED="Y" HIDDEN="N" ZERO_FILL="N" ENCRYPT="N" />
    <TextField FIELDNAME="LastUpdate" DESCRIPTION="Last Update" LENGTH="12" DECIMALS="0" DATA_TYPE="DAT" DATA_LEN="20" PROTECTED="Y" HIDDEN="N" ZERO_FILL="N" ENCRYPT="N" />
    <ComboBox FIELDNAME="PrntID" DESCRIPTION="Parent " LENGTH="15" DATA_TYPE="CHR" POSITION="Left" ENCRYPT="N" LIST_TABLE_NAME="wkpGroups" LIST_TABLE_FIELD="KeeperID" LIST_TABLE_DESCRIPTION="KeeperDesc" LIST_TABLE_SELECTTION="j1 = :[Share-Group/]:" />
  </Panel>
</SCRIPT>

