<?xml version="1.0" encoding="UTF-8"?>

<!--	 **Script Builder 1.0 *  -->
<!--	 	 Script Name :  Useradmin190 -->
<!--	 	 Description :  Script  Profiles  -->
<!--	 	 Server Class :  webBoltOns.server.DevelopmentTools -->
<!--	 	 Initalization Method :   -->
<!--	 	 File Path :  C:\jRivet-2.060109\jakarta-tomcat-5.5.7\webapps\jRivetExample1\WEB-INF\TrialScreens\Useradmin190.xml -->
<!--	 	 Last Update :  08-Jan-2006 -->
<!--	 	 User Profile:  DEFAULT -->
<SCRIPT SCRIPT_NAME="Useradmin190" DOCUMENT_TYPE="Window" CLASS_NAME="webBoltOns.server.DevelopmentTools" AUTO_REFRESH="false" DESCRIPTION="Script  Profiles " Screen_Title="Script  Profiles " WIDTH="755" HEIGHT="635">
  <ButtonBar>
    <BarButton TYPE="CLEAR" DESCRIPTION="Clear      " ICON="iClear.gif" />
    <BarButton TYPE="FIND" DESCRIPTION="Find-it!   " METHOD="getScriptFileList" ICON="iFind.gif" />
  </ButtonBar>
  <Table FIELDNAME="ScriptFiles" HEIGHT="20" WIDTH="0" POSITION="Left">
    <TableTextField DESCRIPTION="Script Name" FIELDNAME="ScriptName" LENGTH="20" DECIMALS="0" DATATYPE="CHR" DATA_LEN="0" PROTECTED="Y" ZERO_FILL_VALUE="N" PARAMETER="@ScriptFileName" />
    <TableTextField DESCRIPTION="Last Changed GMT" FIELDNAME="LastChanged" LENGTH="18" DECIMALS="0" DATATYPE="CHR" DATA_LEN="0" PROTECTED="Y" ZERO_FILL_VALUE="N" />
    <TableTextField DESCRIPTION="File Length" FIELDNAME="Length" LENGTH="7" DECIMALS="0" DATATYPE="INT" DATA_LEN="0" PROTECTED="Y" ZERO_FILL_VALUE="N" ALIGNMENT="Right" />
  </Table>
  <Panel POSITION="Left" Hidden="N">
    <Button DESCRIPTION="Edit Screen Script" METHOD="getScreenScriptDetails" POSITION="Left" LINK="UserAdmin150" />
    <Button DESCRIPTION="Edit Menu Script" METHOD="getMenuScriptDetails" LINK="UserAdmin160" />
    <Button DESCRIPTION="Edit Report Script" METHOD="getReportWriterDetails" LINK="UserAdmin210" />
  </Panel>
</SCRIPT>

