<?xml version="1.0" encoding="UTF-8"?>

<!--	 **Script Builder 2.1 *  -->
<!--	 	 Script Name :  UserAdmin120 -->
<!--	 	 Description :  User Group Profiles  -->
<!--	 	 Server Class :  webBoltOns.server.UserSecurityManager -->
<!--	 	 Initalization Method :   -->
<!--	 	 File Path :  /home/java/Projects/JavaProjects/WebKeePass-1.070905/jakarta-tomcat-5.5.7/webapps/ROOT/XML/UserAdmin120.xml -->
<!--	 	 Last Update :  18-Sep-2007 -->
<!--	 	 User Profile:  root -->
<SCRIPT SCRIPT_NAME="UserAdmin120" DOCUMENT_TYPE="Window" CLASS_NAME="webBoltOns.server.UserSecurityManager" AUTO_REFRESH="false" DESCRIPTION="User Group Profiles " Screen_Title="User Group Profiles " WIDTH="915" HEIGHT="595">
  <ButtonBar>
    <BarButton TYPE="CLEAR" DESCRIPTION="Clear      " ICON="iClear.gif" />
    <BarButton TYPE="FIND" DESCRIPTION="Find-it!   " ICON="iFind.gif" METHOD="getUserGroupList" />
  </ButtonBar>
  <Panel DESCRIPTION="Search Values" POSITION="Left Fill" HIDDEN="N">
    <SearchTextField FIELDNAME="@Description" DESCRIPTION="Description" LENGTH="20" DECIMALS="0" DATA_TYPE="CHR" DATA_LEN="50" POSITION="Left" PROTECTED="N" ENCRYPT="N" ALIGNMENT="Left" />
    <SearchTextField FIELDNAME="@MenuXML" DESCRIPTION="Menu XML" LENGTH="20" DECIMALS="0" DATA_TYPE="CHR" DATA_LEN="50" PROTECTED="N" ENCRYPT="N" ALIGNMENT="Left" />
  </Panel>
  <Table FIELDNAME="UserGroup" HEIGHT="15" WIDTH="0">
    <TableTextField FIELDNAME="GroupID" DESCRIPTION="Group" LENGTH="10" DECIMALS="0" DATA_TYPE="CHR" DATA_LEN="0" PROTECTED="Y" ZERO_FILL="N" ENCRYPT="N" />
    <TableTextField FIELDNAME="GroupDescription " DESCRIPTION="Description" LENGTH="15" DECIMALS="0" DATA_TYPE="CHR" DATA_LEN="0" PROTECTED="Y" ZERO_FILL="N" ENCRYPT="N" />
    <TableTextField FIELDNAME="MenuXML" DESCRIPTION="Menu XML" LENGTH="10" DECIMALS="0" DATA_TYPE="CHR" DATA_LEN="0" PROTECTED="Y" ZERO_FILL="N" ENCRYPT="N" />
    <TableCheckBox FIELDNAME="ActiveGroup" DESCRIPTION="Active" ENCRYPT="N" />
    <TableCheckBox FIELDNAME="Administrator" DESCRIPTION="Admin" ENCRYPT="N" />
    <TableCheckBox FIELDNAME="DeskTopTheme" DESCRIPTION="Themes" ENCRYPT="N" />
    <TableCheckBox FIELDNAME="TipAccess" DESCRIPTION="Tips" ENCRYPT="N" />
  </Table>
  <Panel POSITION="Left" HIDDEN="N">
    <Button DESCRIPTION="Edit User Group" POSITION="Left" LINK="UserAdmin100" METHOD="getUserGroup" />
  </Panel>
</SCRIPT>

