<?xml version="1.0" encoding="UTF-8"?>

<!--	 **Script Builder 2.1 *  -->
<!--	 	 Script Name :  UserAdmin110 -->
<!--	 	 Description :  Edit User -->
<!--	 	 Server Class :  webBoltOns.server.UserSecurityManager -->
<!--	 	 Initalization Method :   -->
<!--	 	 File Path :  /home/java/Projects/JavaProjects/WebKeePass-1.070905/jakarta-tomcat-5.5.7/webapps/ROOT/XML/UserAdmin110.xml -->
<!--	 	 Last Update :  18-Sep-2007 -->
<!--	 	 User Profile:  root -->
<SCRIPT SCRIPT_NAME="UserAdmin110" DOCUMENT_TYPE="Window" CLASS_NAME="webBoltOns.server.UserSecurityManager" AUTO_REFRESH="false" DESCRIPTION="Edit User" Screen_Title="Edit User" WIDTH="710" HEIGHT="520">
  <ButtonBar>
    <BarButton TYPE="CLEAR" DESCRIPTION="Clear " ICON="iClear.gif" />
    <BarButton TYPE="FIND" DESCRIPTION="Find-it!" ICON="iFind.gif" METHOD="getUser" />
    <BarButton TYPE="EDIT" DESCRIPTION="Add/Update " ICON="iEdit.gif" METHOD="updUser" />
    <BarButton TYPE="PREV" DESCRIPTION="Previous" ICON="iPrev.gif" METHOD="prvUser" />
    <BarButton TYPE="NEXT" DESCRIPTION="Next " ICON="iNext.gif" METHOD="nxtUser" />
    <BarButton TYPE="DELETE" DESCRIPTION="Delete" ICON="iDelete.gif" METHOD="deleteUser" />
  </ButtonBar>
  <Panel HIDDEN="N">
    <TextField FIELDNAME="UserID" DESCRIPTION="User ID" LENGTH="8" DECIMALS="0" DATA_TYPE="CHR" DATA_LEN="0" POSITION="Left" PROTECTED="N" HIDDEN="N" ZERO_FILL="N" ENCRYPT="N" LINK="UserAdmin130" METHOD="getUser" />
    <TextField FIELDNAME="UserDescription" DESCRIPTION="Description" LENGTH="20" DECIMALS="0" DATA_TYPE="CHR" DATA_LEN="0" POSITION="Left" PROTECTED="N" HIDDEN="N" ZERO_FILL="N" ENCRYPT="N" />
    <PasswordField FIELDNAME="Password" DESCRIPTION="Password" LENGTH="20" DATA_LEN="30" POSITION="Left" HIDDEN="N" ENCRYPT="N" ALIGNMENT="Left" />
    <CheckBox FIELDNAME="UpdPW" DESCRIPTION="Update Password" ENCRYPT="N" />
  </Panel>
  <Panel DESCRIPTION="Address Information" HIDDEN="N">
    <TextField FIELDNAME="Name" DESCRIPTION="Name" LENGTH="25" DECIMALS="0" DATA_TYPE="CHR" DATA_LEN="0" POSITION="Left" PROTECTED="N" HIDDEN="N" ZERO_FILL="N" ENCRYPT="N" />
    <TextField FIELDNAME="Address1" DESCRIPTION="Address" LENGTH="25" DECIMALS="0" DATA_TYPE="CHR" DATA_LEN="0" POSITION="Left" PROTECTED="N" HIDDEN="N" ZERO_FILL="N" ENCRYPT="N" />
    <TextField FIELDNAME="Address3" LENGTH="25" DECIMALS="0" DATA_TYPE="CHR" DATA_LEN="0" POSITION="Left" PROTECTED="N" HIDDEN="N" ZERO_FILL="N" ENCRYPT="N" />
    <TextField FIELDNAME="Address2" LENGTH="25" DECIMALS="0" DATA_TYPE="CHR" DATA_LEN="0" POSITION="Left" PROTECTED="N" HIDDEN="N" ZERO_FILL="N" ENCRYPT="N" />
    <TextField FIELDNAME="Address4" LENGTH="10" DECIMALS="0" DATA_TYPE="CHR" DATA_LEN="0" POSITION="Left" PROTECTED="N" HIDDEN="N" ZERO_FILL="N" ENCRYPT="N" />
    <TextField FIELDNAME="Phone1" DESCRIPTION="Phone Number " LENGTH="15" DECIMALS="0" DATA_TYPE="CHR" DATA_LEN="0" POSITION="Left" PROTECTED="N" HIDDEN="N" ZERO_FILL="N" ENCRYPT="N" />
    <TextField FIELDNAME="Fax" DESCRIPTION="Fax Number" LENGTH="15" DECIMALS="0" DATA_TYPE="CHR" DATA_LEN="0" POSITION="Left" PROTECTED="N" HIDDEN="N" ZERO_FILL="N" ENCRYPT="N" />
  </Panel>
  <Panel DESCRIPTION="Access Information" POSITION="Right" HIDDEN="N">
    <Panel HIDDEN="N">
      <CheckBox FIELDNAME="ActiveUser" DESCRIPTION="User Active" POSITION="Left" ENCRYPT="N" />
    </Panel>
    <Panel HIDDEN="N">
      <TextField FIELDNAME="GroupID" DESCRIPTION="User Group" LENGTH="10" DECIMALS="0" DATA_TYPE="CHR" DATA_LEN="0" POSITION="Left" PROTECTED="N" HIDDEN="N" ZERO_FILL="N" ENCRYPT="N" LINK="UserAdmin120" />
      <TextField FIELDNAME="LastChangeDate" DESCRIPTION="Last Update" LENGTH="9" DECIMALS="0" DATA_TYPE="CHR" DATA_LEN="0" POSITION="Left" PROTECTED="N" HIDDEN="N" ZERO_FILL="N" ENCRYPT="N" />
      <TextField FIELDNAME="InActiveDate" DESCRIPTION="Date InActive" LENGTH="9" DECIMALS="0" DATA_TYPE="CHR" DATA_LEN="0" POSITION="Left" PROTECTED="N" HIDDEN="N" ZERO_FILL="N" ENCRYPT="N" />
    </Panel>
  </Panel>
  <Panel HIDDEN="N">
    <TextField FIELDNAME="WebSite" DESCRIPTION="Web Site" LENGTH="25" DECIMALS="0" DATA_TYPE="CHR" DATA_LEN="0" POSITION="Left" PROTECTED="N" HIDDEN="N" ZERO_FILL="N" ENCRYPT="N" />
    <Button FIELDNAME="WebSite" METHOD="URL" />
    <TextField FIELDNAME="Email" DESCRIPTION="Email Address" LENGTH="25" DECIMALS="0" DATA_TYPE="CHR" DATA_LEN="0" POSITION="Left" PROTECTED="N" HIDDEN="N" ZERO_FILL="N" ENCRYPT="N" />
    <Button FIELDNAME="Email" ICON="webEMAIL.gif" METHOD="EMAIL" />
  </Panel>
</SCRIPT>

