<?xml version="1.0" encoding="UTF-8"?>

<!--	 **Script Builder 2.1 *  -->
<!--	 	 Script Name :  UserAdmin130 -->
<!--	 	 Description :  User Profiles  -->
<!--	 	 Server Class :  webBoltOns.server.UserSecurityManager -->
<!--	 	 Initalization Method :   -->
<!--	 	 File Path :  /home/java/Projects/JavaProjects/WebKeePass-1.070905/jakarta-tomcat-5.5.7/webapps/ROOT/XML/UserAdmin130.xml -->
<!--	 	 Last Update :  18-Sep-2007 -->
<!--	 	 User Profile:  root -->
<SCRIPT SCRIPT_NAME="UserAdmin130" DOCUMENT_TYPE="Window" CLASS_NAME="webBoltOns.server.UserSecurityManager" AUTO_REFRESH="false" DESCRIPTION="User Profiles " Screen_Title="User Profiles " WIDTH="910" HEIGHT="595">
  <ButtonBar>
    <BarButton TYPE="CLEAR" DESCRIPTION="Clear      " ICON="iClear.gif" />
    <BarButton TYPE="FIND" DESCRIPTION="Find-it!   " ICON="iFind.gif" METHOD="getUserList" />
  </ButtonBar>
  <Panel DESCRIPTION="Search Values" POSITION="Left Fill" HIDDEN="N">
    <SearchTextField FIELDNAME="@Description" DESCRIPTION="Description" LENGTH="15" DECIMALS="0" DATA_TYPE="CHR" DATA_LEN="50" POSITION="Left" PROTECTED="N" ENCRYPT="N" ALIGNMENT="Left" />
    <SearchTextField FIELDNAME="@Name" DESCRIPTION="Name" LENGTH="15" DECIMALS="0" DATA_TYPE="CHR" DATA_LEN="50" PROTECTED="N" ENCRYPT="N" ALIGNMENT="Left" />
    <SearchTextField FIELDNAME="@GroupID" DESCRIPTION="Group ID" LENGTH="10" DECIMALS="0" DATA_TYPE="CHR" DATA_LEN="50" PROTECTED="N" ENCRYPT="N" ALIGNMENT="Left" />
  </Panel>
  <Table FIELDNAME="User" HEIGHT="15" WIDTH="0" POSITION="Left">
    <TableTextField FIELDNAME="UserID" DESCRIPTION="User ID" LENGTH="10" DECIMALS="0" DATA_TYPE="CHR" DATA_LEN="0" PROTECTED="Y" ZERO_FILL="N" ENCRYPT="N" />
    <TableTextField FIELDNAME="UserDescription" DESCRIPTION="Description" LENGTH="15" DECIMALS="0" DATA_TYPE="CHR" DATA_LEN="0" PROTECTED="Y" ZERO_FILL="N" ENCRYPT="N" />
    <TableTextField FIELDNAME="Name" DESCRIPTION="Name" LENGTH="15" DECIMALS="0" DATA_TYPE="CHR" DATA_LEN="0" PROTECTED="Y" ZERO_FILL="N" ENCRYPT="N" />
    <TableTextField FIELDNAME="GroupID" DESCRIPTION="Group ID" LENGTH="10" DECIMALS="0" DATA_TYPE="CHR" DATA_LEN="0" PROTECTED="Y" ZERO_FILL="N" ENCRYPT="N" />
    <TableCheckBox FIELDNAME="ActiveUser" DESCRIPTION="Active" ENCRYPT="N" />
  </Table>
  <Panel POSITION="Left" HIDDEN="N">
    <Button DESCRIPTION="Edit User" POSITION="Left" LINK="UserAdmin110" METHOD="getUser" />
    <Button DESCRIPTION="Edit User Group" LINK="UserAdmin100" METHOD="getUserGroup" />
  </Panel>
</SCRIPT>

