<?xml version="1.0" encoding="UTF-8"?>

<!--	 **Script Builder 2.1 *  -->
<!--	 	 Script Name :  UserAdmin100 -->
<!--	 	 Description :  Edit User Groups -->
<!--	 	 Server Class :  webBoltOns.server.UserSecurityManager -->
<!--	 	 Initalization Method :   -->
<!--	 	 File Path :  /home/java/Projects/JavaProjects/jRivet-KeePass/apache-tomcat-5.5.20/webapps/KeePass/WEB-INF/XML/UserAdmin100.xml -->
<!--	 	 Last Update :  27-May-2007 -->
<!--	 	 User Profile:  admin -->
<SCRIPT SCRIPT_NAME="UserAdmin100" DOCUMENT_TYPE="Window" CLASS_NAME="webBoltOns.server.UserSecurityManager" AUTO_REFRESH="false" DESCRIPTION="Edit User Groups" Screen_Title="Edit User Groups" WIDTH="1015" HEIGHT="680">
  <ButtonBar>
    <BarButton TYPE="CLEAR" DESCRIPTION="Clear      " ICON="iClear.gif" />
    <BarButton TYPE="FIND" DESCRIPTION="Find-it!   " ICON="iFind.gif" METHOD="getUserGroup" />
    <BarButton TYPE="PREV" DESCRIPTION="Previous   " ICON="iPrev.gif" METHOD="prvUserGroup" />
    <BarButton TYPE="NEXT" DESCRIPTION="Next       " ICON="iNext.gif" METHOD="nxtUserGroup" />
    <BarButton TYPE="POST" DESCRIPTION="Add/Update " ICON="iEdit.gif" METHOD="updUserGroup" />
  </ButtonBar>
  <Panel POSITION="Left" HIDDEN="N">
    <TextField FIELDNAME="GroupID" DESCRIPTION="User Group" LENGTH="8" DECIMALS="0" DATA_TYPE="CHR" DATA_LEN="0" POSITION="Left" PROTECTED="N" HIDDEN="N" ZERO_FILL="N" ENCRYPT="N" LINK="UserAdmin120" METHOD="getUserGroup" />
    <TextField FIELDNAME="GroupDescription" DESCRIPTION="Description" LENGTH="30" DECIMALS="0" DATA_TYPE="CHR" DATA_LEN="0" POSITION="Left" PROTECTED="N" HIDDEN="N" ZERO_FILL="N" ENCRYPT="N" />
  </Panel>
  <Panel DESCRIPTION="Menu Access Levels" POSITION="Left Fill" HIDDEN="N">
    <MenuExplorer FIELDNAME="MenuStruct" HEIGHT="0" WIDTH="0">
      <TableTextField FIELDNAME="GroupItemDescription" DESCRIPTION="Menu Option" LENGTH="15" DECIMALS="0" DATA_TYPE="CHR" DATA_LEN="0" PROTECTED="N" ZERO_FILL="N" ENCRYPT="N" />
      <TableTextField FIELDNAME="MenuItem" DESCRIPTION="Menu Name" LENGTH="10" DECIMALS="0" DATA_TYPE="CHR" DATA_LEN="0" PROTECTED="Y" ZERO_FILL="N" ENCRYPT="N" />
      <TableTextField FIELDNAME="Type" DESCRIPTION="Menu Type" LENGTH="10" DECIMALS="0" DATA_TYPE="CHR" DATA_LEN="0" PROTECTED="Y" ZERO_FILL="N" ENCRYPT="N" ALIGNMENT="Center" />
      <TableComboBox FIELDNAME="AccessLevel" DESCRIPTION="Access" LENGTH="10" PROTECTED="N" ENCRYPT="N" ALIGNMENT="Left">
	<ComboItem DESCRIPTION="No Access" />
	<ComboItem DESCRIPTION="Inquiry Only" />
	<ComboItem DESCRIPTION="Inquiry / Update" />
      </TableComboBox>
    </MenuExplorer>
    <Panel POSITION="Left" HIDDEN="N">
      <Button FIELDNAME="MenuItem" DESCRIPTION="Edit Script" POSITION="Left" LINK="UserAdmin150" METHOD="getScriptLink" />
    </Panel>
  </Panel>
  <Panel DESCRIPTION="Group Access Levels" POSITION="Right Fill" HIDDEN="N">
    <Panel HIDDEN="N">
      <CheckBox FIELDNAME="ActiveGroup" DESCRIPTION="Group Active" POSITION="Left" />
      <CheckBox FIELDNAME="Administrator" DESCRIPTION="Administrator Access" POSITION="Left" />
      <CheckBox FIELDNAME="DeskTopTheme" DESCRIPTION="Desk Top Theme Access" POSITION="Left" />
      <CheckBox FIELDNAME="TipAccess" DESCRIPTION="Script Tips" POSITION="Left" />
      <CheckBox FIELDNAME="CopyAccess" DESCRIPTION="Table Copy Access" POSITION="Left" />
      <CheckBox FIELDNAME="PrintAccess" DESCRIPTION="Table Print Access" POSITION="Left" />
    </Panel>
    <Panel HIDDEN="N">
      <TextField FIELDNAME="MenuXML" DESCRIPTION="Menu XML" LENGTH="10" DECIMALS="0" DATA_TYPE="CHR" DATA_LEN="0" POSITION="Left" PROTECTED="N" HIDDEN="N" ZERO_FILL="N" ENCRYPT="N" LINK="UserAdmin190" PARAMETER="@ScriptFileName" />
      <TextField FIELDNAME="DateFormat" DESCRIPTION="Date Format" LENGTH="9" DECIMALS="0" DATA_TYPE="CHR" DATA_LEN="0" POSITION="Left" PROTECTED="N" HIDDEN="N" ZERO_FILL="N" ENCRYPT="N" />
      <TextField FIELDNAME="LastChangeDate" DESCRIPTION="Last Update" LENGTH="9" DECIMALS="0" DATA_TYPE="DAT" DATA_LEN="0" POSITION="Left" PROTECTED="N" HIDDEN="N" ZERO_FILL="N" ENCRYPT="N" />
      <TextField FIELDNAME="InActiveDate" DESCRIPTION="Date InActive" LENGTH="9" DECIMALS="0" DATA_TYPE="DAT" DATA_LEN="0" POSITION="Left" PROTECTED="N" HIDDEN="N" ZERO_FILL="N" ENCRYPT="N" />
      <TextField FIELDNAME="ActiveDate" DESCRIPTION="Active Date" LENGTH="9" DECIMALS="0" DATA_TYPE="DAT" DATA_LEN="0" POSITION="Left" PROTECTED="N" HIDDEN="N" ZERO_FILL="N" ENCRYPT="N" />
      <ComboBox FIELDNAME="AccessMethod" DESCRIPTION="Server Acccess" LENGTH="4" DATA_TYPE="CHR" POSITION="Left" ENCRYPT="N">
	<ComboItem DESCRIPTION="HTTP" />
	<ComboItem DESCRIPTION="RMI" />
	<ComboItem DESCRIPTION="SOCKET" />
      </ComboBox>
    </Panel>
    <Panel POSITION="Left" HIDDEN="N">
      <Button FIELDNAME="GroupID" DESCRIPTION="Notes" POSITION="Left" LINK="UserAdmin140" METHOD="getNotes" />
    </Panel>
  </Panel>
</SCRIPT>

