<?xml version="1.0" encoding="UTF-8"?>
<Context>
  <WatchedResource>WEB-INF/web.xml</WatchedResource>
  <WatchedResource>META-INF/context.xml</WatchedResource>
  <WatchedResource>WEB-INF/web.xml</WatchedResource>
  <WatchedResource>META-INF/context.xml</WatchedResource>
  <WatchedResource>WEB-INF/web.xml</WatchedResource>
  <WatchedResource>META-INF/context.xml</WatchedResource>
  <WatchedResource>WEB-INF/web.xml</WatchedResource>
  <WatchedResource>META-INF/context.xml</WatchedResource>
</Context>
