<?xml version="1.0" encoding="UTF-8"?>

<Literals>
  <Literal LiteralID = "SVR0001"  Text="Data Base Error - Database Error - Please contact systems administrator"  Severity="30" Type="MessageBar"/>

  <Literal LiteralID = "SVR0002"  Text="Verzoek server Voltooid" Severity="00" Type="Pop-Up" />

  <Literal LiteralID = "SVR0003"  Text="Aanvraag niet compleet: Review fouten Hieronder" Severity="00" Type="Pop-Up" /> 
  
  <Literal LiteralID = "SVR0004"  Text="Class Not Found - Please contact systems administrator"  Severity="30" Type="MessageBar" />

  <Literal LiteralID = "SVR0005"  Text="Server Security Uitzondering - Neem contact op met de systeembeheerder"  Severity="30" Type="MessageBar" />
  
  <Literal LiteralID = "SVR0006"  Text="Method Not Found - Neem contact op met de systeembeheerder"   Severity="30" Type="MessageBar" />

  <Literal LiteralID = "SVR0007"  Text="Instantiation Error - Please contact systems administrator"  Severity="30" Type="MessageBar" />
	
  <Literal LiteralID = "SVR0008"  Text="Server Security Error- Please contact systems administrator"  Severity="30" Type="MessageBar" />

  <Literal LiteralID = "SVR0009"  Text="Invocation Target / Stack Trap Error - Please contact systems administrator"  Severity="30" Type="MessageBar" />

  <Literal LiteralID = "SVR0011"  Text="Het menu Bestand niet gevonden"  Severity="30" Type="MessageBar" /> 
  
  <Literal LiteralID = "SVR0012"  Text="Menu File XML Parse Error"  Severity="30" Type="MessageBar" />			
			
  <Literal LiteralID = "SVR0014"  Text="Menu File I / O-fout"  Severity="30" Type="MessageBar" />
  
  <Literal LiteralID = "SVR0015"  Text="Script Not Found  - Please contact systems administrator"  Severity="30" Type="MessageBar" /> 

  <Literal LiteralID = "SVR0016"  Text="Script XML Parse Error - Neem contact op met de systeembeheerder"  Severity="30" Type="MessageBar" /> 
  
  <Literal LiteralID = "SVR0017"  Text="Script File Error - Neem contact op met de systeembeheerder"  Severity="30" Type="MessageBar" /> 





  <Literal LiteralID = "LIT0001"  Text="Item Not Found - New Entry"  Severity="10" Type="MessageBar"/>

  <Literal LiteralID = "LIT0002"  Text="Item niet gevonden - Aan het einde van bestand"   Severity="30" Type="MessageBar"/>

  <Literal LiteralID = "LIT0003"  Text="Item Not Found - At Start of File"  Severity="30" Type="MessageBar" />

  <Literal LiteralID = "LIT0004"  Text="Item is bijgewerkt" Severity="00" Type="MessageBar" />

  <Literal LiteralID = "LIT0005"  Text="Item toegevoegd"  Severity="00" Type="MessageBar"/>

  <Literal LiteralID = "LIT0006"  Text="Item (s) Geschrapt"  Severity="00" Type="MessageBar"/>
 
  <Literal LiteralID = "LIT0007"  Text="Database Error - Please contact systems administrator"  Severity="30" Type="MessageBar"/>

  <Literal LiteralID = "LIT0008"  Text="Item Exported"  Severity="00" Type="MessageBar"/>

  <Literal LiteralID = "LIT0009"  Text="Item Geïmporteerde"  Severity="00" Type="MessageBar"/>
 
  <Literal LiteralID = "LIT0010"  Text="Script Not Found"  Severity="30" Type="MessageBar"/>

  <Literal LiteralID = "LIT0011"  Text="Item niet gevonden"  Severity="30" Type="MessageBar"/>
 
  <Literal LiteralID = "LIT0012"  Text="Groeps-ID ongeldig"  Severity="30" Type="MessageBar"/>

  <Literal LiteralID = "LIT0013"  Text="Ongeldige Server Access"  Severity="30" Type="MessageBar"/>

  <Literal LiteralID = "LIT0014"  Text="Ongeldige Datumnotatie"  Severity="30" Type="MessageBar"/>

  <Literal LiteralID = "LIT0015"  Text="Invalid Menu XML File"  Severity="30" Type="MessageBar"/>

 
  <Literal LiteralID = "WKP0001"  Text="Invalid Web User/Group"  Severity="30" Type="MessageBar"/>
 
  <Literal LiteralID = "WKP0002"  Text="Item wachtwoord niet geldig"  Severity="30" Type="MessageBar"/>
 
  <Literal LiteralID = "WKP0003"  Text="Ongeldige of in-actieve KeePass Group"  Severity="30" Type="MessageBar"/>
  
  <Literal LiteralID = "WKP0004"  Text="Wachtwoord ID is blanks"  Severity="30" Type="MessageBar"/>



  <Literal LiteralID = "OSS0001"  Text="Java Solutions Voor Enterprise Applications" Severity="00" Type="MessageText"/>

  <Literal LiteralID = "OSS0002"  Text="Nog een gratis applicatie Door:" Severity="00" Type="MessageText"/>


  <Literal LiteralID = "UAD0110"  Text="Bewerk Web User"  Severity="00" Type="MessageText"/>

  <Literal LiteralID = "UAD0130"  Text="Web User Profiles"  Severity="00" Type="MessageText"/>

  <Literal LiteralID = "UAD0100"  Text="Bewerk Web User Group"  Severity="00" Type="MessageText"/>

  <Literal LiteralID = "UAD0120"  Text="Web User Group Profiles"  Severity="00" Type="MessageText"/>

  <Literal LiteralID = "UAD0150"  Text="Script bewerken"  Severity="00" Type="MessageText"/>

  <Literal LiteralID = "UAD0160"  Text="Het menu Bewerken"  Severity="00" Type="MessageText"/>

  <Literal LiteralID = "UAD0190"  Text="Profielen script"  Severity="00" Type="MessageText"/>




  <Literal LiteralID = "MTH0001"  Text="January"  Severity="00" Type="MessageText"/>

  <Literal LiteralID = "MTH0002"  Text="Februari"  Severity="00" Type="MessageText"/>

  <Literal LiteralID = "MTH0003"  Text="Maart"  Severity="00" Type="MessageText"/>

  <Literal LiteralID = "MTH0004"  Text="April"  Severity="00" Type="MessageText"/>

  <Literal LiteralID = "MTH0005"  Text="Kunnen"  Severity="00" Type="MessageText"/>

  <Literal LiteralID = "MTH0006"  Text="June"  Severity="00" Type="MessageText"/>

  <Literal LiteralID = "MTH0007"  Text="July"  Severity="00" Type="MessageText"/>

  <Literal LiteralID = "MTH0008"  Text="Augustus"  Severity="00" Type="MessageText"/>

  <Literal LiteralID = "MTH0009"  Text="September"  Severity="00" Type="MessageText"/>

  <Literal LiteralID = "MTH0010"  Text="Oktober"  Severity="00" Type="MessageText"/>

  <Literal LiteralID = "MTH0011"  Text="November"  Severity="00" Type="MessageText"/>

  <Literal LiteralID = "MTH0012"  Text="December"  Severity="00" Type="MessageText"/>




  <Literal LiteralID = "PWD0001"  Text="Upper and Lower Letters "  Severity="00" Type="MessageText"/>

  <Literal LiteralID = "PWD0002"  Text="Lagere Letters"  Severity="00" Type="MessageText"/>

  <Literal LiteralID = "PWD0003"  Text="Lower Letters and Numbers"  Severity="00" Type="MessageText"/>

  <Literal LiteralID = "PWD0004"  Text="Upper and Lower Letters and Numbers"  Severity="00" Type="MessageText"/>

  <Literal LiteralID = "PWD0005"  Text="Alle afdrukbare tekens"  Severity="00" Type="MessageText"/>

  <Literal LiteralID = "PWD0006"  Text="Upper Letters"  Severity="00" Type="MessageText"/>

  <Literal LiteralID = "PWD0007"  Text="De bovenste Letters en cijfers"  Severity="00" Type="MessageText"/>



  <Literal LiteralID = "TXT0001"  Text="OK" Severity="00" Type="MessageText"/>

  <Literal LiteralID = "TXT0002"  Text="Selecteer Kleur"  Severity="00" Type="MessageText"/>

  <Literal LiteralID = "TXT0003"  Text="Select Date"  Severity="00" Type="MessageText"/>

  <Literal LiteralID = "TXT0004"  Text="Today"  Severity="00" Type="MessageText"/>

  <Literal LiteralID = "TXT0005"  Text="Calculator"  Severity="00" Type="MessageText"/>

  <Literal LiteralID = "TXT0006"  Text="Return Value"  Severity="00" Type="MessageText"/>

  <Literal LiteralID = "TXT0007"  Text="Select Font"  Severity="00" Type="MessageText"/>

  <Literal LiteralID = "TXT0008"  Text=" Font Color "  Severity="00" Type="MessageText"/>

  <Literal LiteralID = "TXT0009"  Text=" Sample Text "  Severity="00" Type="MessageText"/>

  <Literal LiteralID = "TXT0010"  Text=" Preview "  Severity="00" Type="MessageText"/>

  <Literal LiteralID = "TXT0011"  Text="Delete Confirmation"  Severity="00" Type="MessageText"/>

  <Literal LiteralID = "TXT0012"  Text="Delete Selected Items?"  Severity="00" Type="MessageText"/>

  <Literal LiteralID = "TXT0013"  Text=" Yes "  Severity="00" Type="MessageText"/>

  <Literal LiteralID = "TXT0014"  Text="Geen"  Severity="00" Type="MessageText"/>

  <Literal LiteralID = "TXT0015"  Text="Session Time Out"  Severity="00" Type="MessageText"/>

  <Literal LiteralID = "TXT0016"  Text="Uw sessie zal nu eind"  Severity="00" Type="MessageText"/>

  <Literal LiteralID = "TXT0017"  Text="Log-Out"  Severity="00" Type="MessageText"/>

  <Literal LiteralID = "TXT0018"  Text="Log-out Confirmation"  Severity="00" Type="MessageText"/>

  <Literal LiteralID = "TXT0019"  Text="Log-off deze sessie?"  Severity="00" Type="MessageText"/>

  <Literal LiteralID = "TXT0020"  Text="Match case"  Severity="00" Type="MessageText"/>

  <Literal LiteralID = "TXT0021"  Text="Alleen hele woorden"  Severity="00" Type="MessageText"/>

  <Literal LiteralID = "TXT0022"  Text="Search down"  Severity="00" Type="MessageText"/>
 
  <Literal LiteralID = "TXT0023"  Text="Options"  Severity="00" Type="MessageText"/>

  <Literal LiteralID = "TXT0024"  Text="Replace:"  Severity="00" Type="MessageText"/>

  <Literal LiteralID = "TXT0025"  Text="Whole words only"  Severity="00" Type="MessageText"/>

  <Literal LiteralID = "TXT0026"  Text="Zoek op"  Severity="00" Type="MessageText"/>

  <Literal LiteralID = "TXT0027"  Text="Find Search String"  Severity="00" Type="MessageText"/>

  <Literal LiteralID = "TXT0028"  Text="Replace String"  Severity="00" Type="MessageText"/>
  
  <Literal LiteralID = "TXT0029"  Text="Replace All"  Severity="00" Type="MessageText"/>

  <Literal LiteralID = "TXT0030"  Text="Find / Replace"  Severity="00" Type="MessageText"/>

  <Literal LiteralID = "TXT0031"  Text="Netwerk Aanvraag"  Severity="00" Type="MessageText"/>

  <Literal LiteralID = "TXT0032"  Text="Ongeldige Field Entry"  Severity="00" Type="MessageText"/>

  <Literal LiteralID = "TXT0033"  Text="Bevestiging vragen"  Severity="00" Type="MessageText"/>

  <Literal LiteralID = "TXT0034"  Text="A Word Of Warning    "  Severity="00" Type="MessageText"/>

  <Literal LiteralID = "TXT0035"  Text="Username:"  Severity="00" Type="MessageText"/>

  <Literal LiteralID = "TXT0036"  Text="Password:"  Severity="00" Type="MessageText"/>

  <Literal LiteralID = "TXT0038"  Text="Server Connection later opnieuw Reset-Try"  Severity="00" Type="MessageText"/>

  <Literal LiteralID = "TXT0039"  Text="HTTP-fout"  Severity="00" Type="MessageText"/>

  <Literal LiteralID = "TXT0040"  Text="Request Change Password"  Severity="00" Type="MessageText"/>

  <Literal LiteralID = "TXT0041"  Text="Change My Password"  Severity="00" Type="MessageText"/>

  <Literal LiteralID = "TXT0042"  Text="Wachtwoord kan niet worden spaties"  Severity="00" Type="MessageText"/>

  <Literal LiteralID = "TXT0043"  Text="Nieuwe wachtwoord niet geldig"  Severity="00" Type="MessageText"/>

  <Literal LiteralID = "TXT0044"  Text="Server Information"  Severity="00" Type="MessageText"/>

  <Literal LiteralID = "TXT0045"  Text="Open verbindingen:"  Severity="00" Type="MessageText"/>

  <Literal LiteralID = "TXT0046"  Text="Objects: "  Severity="00" Type="MessageText"/>

  <Literal LiteralID = "TXT0047"  Text="Menu XML: "  Severity="00" Type="MessageText"/>

  <Literal LiteralID = "TXT0048"  Text="Date Format: "  Severity="00" Type="MessageText"/>

  <Literal LiteralID = "TXT0049"  Text="Servlet Access:" Severity="00" Type="MessageText"/>

  <Literal LiteralID = "TXT0050"  Text="Servlet Logs:" Severity="00" Type="MessageText"/>

  <Literal LiteralID = "TXT0051"  Text="View Server Log" Severity="00" Type="MessageText"/>

  <Literal LiteralID = "TXT0052"  Text="User Security And Edit XML" Severity="00" Type="MessageText"/>

  <Literal LiteralID = "TXT0053"  Text="Tools" Severity="00" Type="MessageText"/>
 
  <Literal LiteralID = "TXT0054"  Text="Log-off" Severity="00" Type="MessageText"/>

  <Literal LiteralID = "TXT0055"  Text="Clipboard cleared in:" Severity="00" Type="MessageText"/>

  <Literal LiteralID = "TXT0056"  Text="Set Split"  Severity="00" Type="MessageText"/>

  <Literal LiteralID = "TXT0057"  Text="   User: "  Severity="00" Type="MessageText"/>

  <Literal LiteralID = "TXT0058"  Text="   Date: "  Severity="00" Type="MessageText"/>

  <Literal LiteralID = "TXT0059"  Text="Customize Desk Top"  Severity="00" Type="MessageText"/>

  <Literal LiteralID = "TXT0060"  Text="Color"  Severity="00" Type="MessageText"/>

  <Literal LiteralID = "TXT0061"  Text="Font"  Severity="00" Type="MessageText"/>

  <Literal LiteralID = "TXT0062"  Text="Background: "  Severity="00" Type="MessageText"/>

  <Literal LiteralID = "TXT0063"  Text="Std font: "  Severity="00" Type="MessageText"/>

  <Literal LiteralID = "TXT0064"  Text="Titelbalk Lettertype:"  Severity="00" Type="MessageText"/>

  <Literal LiteralID = "TXT0065"  Text="Lettertype:"  Severity="00" Type="MessageText"/>

  <Literal LiteralID = "TXT0066"  Text="Titelbalk:"  Severity="00" Type="MessageText"/>

  <Literal LiteralID = "TXT0067"  Text="Cursor:"  Severity="00" Type="MessageText"/>

  <Literal LiteralID = "TXT0068"  Text="Op te slaan Desktop"  Severity="00" Type="MessageText"/>

  <Literal LiteralID = "TXT0069"  Text="Password veranderen"  Severity="00" Type="MessageText"/>

  <Literal LiteralID = "TXT0070"  Text="Huidig ​​wachtwoord:"  Severity="00" Type="MessageText"/>

  <Literal LiteralID = "TXT0071"  Text="Nieuw wachtwoord:"  Severity="00" Type="MessageText"/>

  <Literal LiteralID = "TXT0072"  Text="Herhaal nieuwe wachtwoord:"  Severity="00" Type="MessageText"/>

  <Literal LiteralID = "TXT0073"  Text="Wachtwoord wijzigen"  Severity="00" Type="MessageText"/>

  <Literal LiteralID = "TXT0074"  Text="Start beheertaken"  Severity="00" Type="MessageText"/>

  <Literal LiteralID = "TXT0075"  Text="Over"  Severity="00" Type="MessageText"/>
 
  <Literal LiteralID = "TXT0076"  Text="Password veranderen"  Severity="00" Type="MessageText"/>

  <Literal LiteralID = "TXT0077"  Text="Desktop Themes"  Severity="00" Type="MessageText"/>

  <Literal LiteralID = "TXT0078"  Text="Script Details"  Severity="00" Type="MessageText"/>
 
  <Literal LiteralID = "TXT0079"  Text="Dock Venster"  Severity="00" Type="MessageText"/>

  <Literal LiteralID = "TXT0080"  Text="Schermnaam:"  Severity="00" Type="MessageText"/>

  <Literal LiteralID = "TXT0081"  Text="Command Keys:"  Severity="00" Type="MessageText"/>

  <Literal LiteralID = "TXT0082"  Text="Titel:"  Severity="00" Type="MessageText"/>

  <Literal LiteralID = "TXT0083"  Text="Servlet Klasse:" Severity="00" Type="MessageText"/>

  <Literal LiteralID = "TXT0084"  Text="Breedte:" Severity="00" Type="MessageText"/>

  <Literal LiteralID = "TXT0085"  Text="F3 = Exit" Severity="00" Type="MessageText"/>

  <Literal LiteralID = "TXT0086"  Text="Hoogte:" Severity="00" Type="MessageText"/>

  <Literal LiteralID = "TXT0087"  Text="F4 = Prompt" Severity="00" Type="MessageText"/>

  <Literal LiteralID = "TXT0088"  Text="Totaal Scherm Objecten:" Severity="00" Type="MessageText"/>

  <Literal LiteralID = "TXT0089"  Text="F5 = Uitvouwen berichten" Severity="00" Type="MessageText"/>

  <Literal LiteralID = "TXT0090"  Text="Toon Script Tips:" Severity="00" Type="MessageText"/>

  <Literal LiteralID = "TXT0091"  Text="Annuleren" Severity="00" Type="MessageText"/>

  <Literal LiteralID = "TXT0092"  Text="Aanvraag niet compleet: Review fouten Hieronder" Severity="00" Type="MessageText"/>

  <Literal LiteralID = "TXT0093"  Text="Verzoek server Voltooid" Severity="00" Type="MessageText"/>

  <Literal LiteralID = "TXT0094"  Text="moet numeriek zijn" Severity="00" Type="MessageText"/>

  <Literal LiteralID = "TXT0095"  Text="moet een geldige datum te worden" Severity="00" Type="MessageText"/>

  <Literal LiteralID = "TXT0096"  Text="moet een geldig tijd worden" Severity="00" Type="MessageText"/>

  <Literal LiteralID = "TXT0097"  Text="Volgende zoeken" Severity="00" Type="MessageText"/>

  <Literal LiteralID = "TXT0098"  Text="Het bestand kan niet worden geïmporteerd" Severity="00" Type="MessageText"/>

  <Literal LiteralID = "TXT0099"  Text="Details" Severity="00" Type="MessageText"/>
  
  <Literal LiteralID = "TXT0100"  Text="Pictogrammen" Severity="00" Type="MessageText"/>

  <Literal LiteralID = "TXT0101"  Text="Import Document" Severity="00" Type="MessageText"/>

  <Literal LiteralID = "TXT0102"  Text="Bekijk Document" Severity="00" Type="MessageText"/>

  <Literal LiteralID = "TXT0103"  Text="Document verwijderen" Severity="00" Type="MessageText"/>
 
  <Literal LiteralID = "TXT0104"  Text="Bladeren" Severity="00" Type="MessageText"/>

  <Literal LiteralID = "TXT0105"  Text="Bestand niet gevonden" Severity="00" Type="MessageText"/>

  <Literal LiteralID = "TXT0106"  Text="Bestand kan niet worden opgeslagen" Severity="00" Type="MessageText"/>

  <Literal LiteralID = "TXT0107"  Text="Import" Severity="00" Type="MessageText"/>

  <Literal LiteralID = "TXT0108"  Text="Export" Severity="00" Type="MessageText"/>

  <Literal LiteralID = "TXT0109"  Text="Bestandsformaat niet correct" Severity="00" Type="MessageText"/>

  <Literal LiteralID = "TXT0110"  Text="tonen / verbergen wachtwoord" Severity="00" Type="MessageText"/>

  <Literal LiteralID = "TXT0111"  Text="Maak een wachtwoord" Severity="00" Type="MessageText"/>

  <Literal LiteralID = "TXT0112"  Text="Zoals" Severity="00" Type="MessageText"/>

  <Literal LiteralID = "TXT0113"  Text="Begint met" Severity="00" Type="MessageText"/>

  <Literal LiteralID = "TXT0114"  Text="Eindigt met" Severity="00" Type="MessageText"/>

  <Literal LiteralID = "TXT0115"  Text="Minder dan" Severity="00" Type="MessageText"/>

  <Literal LiteralID = "TXT0116"  Text="Groter dan" Severity="00" Type="MessageText"/>

  <Literal LiteralID = "TXT0117"  Text="Gelijk aan" Severity="00" Type="MessageText"/>

  <Literal LiteralID = "TXT0118"  Text="Niet gelijk aan" Severity="00" Type="MessageText"/>

  <Literal LiteralID = "TXT0119"  Text="Afdrukken" Severity="00" Type="MessageText"/>
 
  <Literal LiteralID = "TXT0120"  Text="Kopieer tabel naar het klembord" Severity="00" Type="MessageText"/>

  <Literal LiteralID = "TXT0121"  Text="Gesneden" Severity="00" Type="MessageText"/>
 
  <Literal LiteralID = "TXT0122"  Text="Kopiëren" Severity="00" Type="MessageText"/>

  <Literal LiteralID = "TXT0123"  Text="Pasta" Severity="00" Type="MessageText"/>

  <Literal LiteralID = "TXT0124"  Text="Bron" Severity="00" Type="MessageText"/>

  <Literal LiteralID = "TXT0125"  Text="Export Document" Severity="00" Type="MessageText"/>

  <Literal LiteralID = "TXT0126"  Text="Zoeken en vervangen" Severity="00" Type="MessageText"/>

  <Literal LiteralID = "TXT0127"  Text="Desktop Themes" Severity="00" Type="MessageText"/>

  <Literal LiteralID = "TXT0128"  Text="F1 = Dock Venster" Severity="00" Type="MessageText"/>

  <Literal LiteralID = "TXT0129"  Text="F2 = Selecteer Menu" Severity="00" Type="MessageText"/>
  
  <Literal LiteralID = "TXT0130"  Text="Edit Robot" Severity="00" Type="MessageText"/>

  <Literal LiteralID = "TXT0131"  Text="Duidelijk Robot" Severity="00" Type="MessageText"/>

  <Literal LiteralID = "TXT0132"  Text="Run Robot" Severity="00" Type="MessageText"/>

  <Literal LiteralID = "TXT0133"  Text="Plaats Gebruikers-id" Severity="00" Type="MessageText"/>
  
  <Literal LiteralID = "TXT0134"  Text="Plaats Wachtwoord Id" Severity="00" Type="MessageText"/>

  <Literal LiteralID = "TXT0135"  Text="Plaats Wachtwoord" Severity="00" Type="MessageText"/>
  
  <Literal LiteralID = "TXT0136"  Text="Voeg e-mail" Severity="00" Type="MessageText"/>
 
  <Literal LiteralID = "TXT0137"  Text="Tabblad Invoegen Key"  Severity="00" Type="MessageText"/>

  <Literal LiteralID = "TXT0138"  Text="Plaats Vertraging voor 2 seconden"  Severity="00" Type="MessageText"/>

  <Literal LiteralID = "TXT0139"  Text="Plaats Vertraging voor 5 seconden"  Severity="00" Type="MessageText"/>

  <Literal LiteralID = "TXT0140"  Text="Vertraging invoegen voor 10 seconden"  Severity="00" Type="MessageText"/>

  <Literal LiteralID = "TXT0141"  Text="Vertraging invoegen voor 20 seconden"  Severity="00" Type="MessageText"/>

  <Literal LiteralID = "TXT0142"  Text="Plaats Enter-toets"  Severity="00" Type="MessageText"/>
  
  <Literal LiteralID = "TXT0143"  Text="Belasting Web Site"  Severity="00" Type="MessageText"/>

  <Literal LiteralID = "TXT0144"  Text="Laad Alt-Web Site"  Severity="00" Type="MessageText"/>

  <Literal LiteralID = "TXT0145"  Text="Run Program"  Severity="00" Type="MessageText"/>
  
  <Literal LiteralID = "TXT0146"  Text="Plaats Terug naar Tab-toets"  Severity="00" Type="MessageText"/>

  <Literal LiteralID = "TXT0147"  Text="Plaats Home-toets"  Severity="00" Type="MessageText"/> 

</Literals>

