<?xml version="1.0" encoding="UTF-8"?>

<!--	 **Script Builder 4.0 - www.ossfree.net *  -->
<!--	 	 Script Name :  CCMenu -->
<!--	 	 Description :  Web Kee Pass -->
<!--	 	 File Path :  /home/pjones/Projects/JavaProjects/WebKeepass/wkp/jakarta-tomcat-5.5.7/webapps/ROOT/XML/ENG/CCMenu.xml -->
<!--	 	 Last Update :  26-Nov-2010 -->
<!--	 	 User Profile:  root -->
<SCRIPT SCRIPT_NAME="CCMenu" DOCUMENT_TYPE="Menu" DESCRIPTION="Web Kee Pass" Screen_Title="Web Kee Pass">
  <SubMenu DESCRIPTION="Werken met mijn wachtwoorden" LINK="WKP-MyPasswords" QUICK_LINK="FALSE">
    <Script DESCRIPTION="Mijn wachtwoorden" ICON="WKP8.jpg" LINK="KeePass006" QUICK_LINK="TRUE" />
    <Script DESCRIPTION="Bewerk mijn wachtwoord" ICON="WKP1.jpg" LINK="KeePass002" QUICK_LINK="TRUE" />
    <Script DESCRIPTION="Mijn wachtwoorden per categorie" ICON="WKP6.jpg" LINK="KeePass001" QUICK_LINK="FALSE" />
  </SubMenu>
  <SubMenu DESCRIPTION="Werk met gedeelde wachtwoorden" LINK="WKP-SharePasswords" QUICK_LINK="FALSE">
    <SubMenu DESCRIPTION="Wachtwoorden Ik ben het delen van" LINK="WKP-MySharePasswords" QUICK_LINK="FALSE">
      <Script DESCRIPTION="Aandeel mijn wachtwoorden" ICON="WKP2.jpg" LINK="KeePass007" QUICK_LINK="TRUE" />
      <Script DESCRIPTION="Mijn gedeelde Wachtwoord Profiel" ICON="WKP4.jpg" LINK="KeePass016" QUICK_LINK="FALSE" />
    </SubMenu>
    <SubMenu DESCRIPTION="Wachtwoorden Gedeelde To Me" LINK="WKP-MyOthersPasswords" QUICK_LINK="FALSE">
      <Script DESCRIPTION="Wachtwoorden door anderen wordt gedeeld" ICON="WKP9.jpg" LINK="KeePass008" QUICK_LINK="TRUE" />
      <Script DESCRIPTION="Gedeelde wachtwoorden door Categorie" ICON="WKP6.jpg" LINK="KeePass013" QUICK_LINK="FALSE" />
    </SubMenu>
    <Script DESCRIPTION="Bewerken en delen Groepen" LINK="KeePass017" QUICK_LINK="FALSE" />
    <Script DESCRIPTION="Bewerken en delen Categorieën" LINK="KeePass014" QUICK_LINK="FALSE" />
  </SubMenu>
  <SubMenu DESCRIPTION="Import / Export Wachtwoorden" LINK="impexp" QUICK_LINK="FALSE">
    <Script DESCRIPTION="Import mijn wachtwoorden" ICON="WKP5.JPG" LINK="KeePass025" QUICK_LINK="TRUE" />
    <Script DESCRIPTION="Export mijn wachtwoorden" ICON="WKP4.jpg" LINK="KeePass035" QUICK_LINK="TRUE" />
  </SubMenu>
  <SubMenu DESCRIPTION="Samen met gebruikers" LINK="WKP-Users" QUICK_LINK="FALSE">
    <Script DESCRIPTION="User Profile" ICON="WKPD.jpg" LINK="UserAdmin130" QUICK_LINK="FALSE" />
    <Script DESCRIPTION="Gebruikers bewerken" ICON="WKPB.jpg" LINK="UserAdmin110" QUICK_LINK="TRUE" />
    <Script DESCRIPTION="User Group Profiel" ICON="WKPC.jpg" LINK="UserAdmin120" QUICK_LINK="FALSE" />
    <Script DESCRIPTION="Edit Web User Groups" ICON="WKPA.jpg" LINK="UserAdmin100" QUICK_LINK="TRUE" />
  </SubMenu>
</SCRIPT>

