<?xml version="1.0" encoding="UTF-8"?>

<!--	 **Script Builder 4.0 -  www.ossfree.net *  -->
<!--	 	 Script Name :  CCMenu -->
<!--	 	 Description :  Web Kee Pass -->
<!--	 	 File Path :  /home/pjones/Projects/JavaProjects/WebKeepass/wkp/jakarta-tomcat-5.5.7/webapps/ROOT/XML/ENG/CCMenu.xml -->
<!--	 	 Last Update :  09-Aug-2010 -->
<!--	 	 User Profile:  root -->
<SCRIPT SCRIPT_NAME="CCMenu" DOCUMENT_TYPE="Menu" DESCRIPTION="Web Kee Pass" Screen_Title="Web Kee Pass">
  <SubMenu DESCRIPTION="Werken met mijn wachtwoorden" LINK="WKP-MyPasswords" QUICK_LINK="FALSE">
    <Script DESCRIPTION="Mijn Wachtwoorden Profiel" ICON="WKP8.jpg" LINK="KeePass006" QUICK_LINK="TRUE" />
    <Script DESCRIPTION="Edit mijn wachtwoord vergeten" ICON="WKP1.jpg" LINK="KeePass002" QUICK_LINK="TRUE" />
    <Script DESCRIPTION="Mijn Wachtwoorden per categorie" ICON="WKP6.jpg" LINK="KeePass001" QUICK_LINK="TRUE" />
  </SubMenu>
  <SubMenu DESCRIPTION="Werk met gedeelde wachtwoorden" LINK="WKP-SharePasswords" QUICK_LINK="FALSE">
    <SubMenu DESCRIPTION="Wachtwoorden Ik ben het delen" LINK="WKP-MySharePasswords" QUICK_LINK="FALSE">
      <Script DESCRIPTION="Aandeel mijn wachtwoorden" ICON="WKP2.jpg" LINK="KeePass007" QUICK_LINK="TRUE" />
      <Script DESCRIPTION="Mijn gedeeld wachtwoord profiel" ICON="WKP4.jpg" LINK="KeePass016" QUICK_LINK="TRUE" />
    </SubMenu>
    <SubMenu DESCRIPTION="Wachtwoorden Gedeelde To Me" LINK="WKP-MyOthersPasswords" QUICK_LINK="FALSE">
      <Script DESCRIPTION="Wachtwoorden Gedeeld door anderen" ICON="WKP9.jpg" LINK="KeePass008" QUICK_LINK="TRUE" />
      <Script DESCRIPTION="Gedeelde Wachtwoorden per categorie" ICON="WKP6.jpg" LINK="KeePass013" QUICK_LINK="TRUE" />
    </SubMenu>
    <Script DESCRIPTION="Edit delen Groepen" LINK="KeePass017" QUICK_LINK="FALSE" />
    <Script DESCRIPTION="Edit delen Categorieën" LINK="KeePass014" QUICK_LINK="FALSE" />
  </SubMenu>
  <SubMenu DESCRIPTION="Met gebruikers" LINK="WKP-Users" QUICK_LINK="FALSE">
    <Script DESCRIPTION="User Profile" ICON="WKPD.jpg" LINK="UserAdmin130" QUICK_LINK="TRUE" />
    <Script DESCRIPTION="Gebruikers bewerken" ICON="WKPB.jpg" LINK="UserAdmin110" QUICK_LINK="TRUE" />
    <Script DESCRIPTION="User Group Profiel" ICON="WKPC.jpg" LINK="UserAdmin120" QUICK_LINK="TRUE" />
    <Script DESCRIPTION="Edit User Groups" ICON="WKPA.jpg" LINK="UserAdmin100" QUICK_LINK="TRUE" />
  </SubMenu>
</SCRIPT>

