<?xml version="1.0" encoding="UTF-8"?>

<!--	 **Script Builder 2.1 *  -->
<!--	 	 Script Name :  KeePass020 -->
<!--	 	 Description :  Link Files To Password -->
<!--	 	 Server Class :  server.Doc -->
<!--	 	 Initalization Method :   -->
<!--	 	 File Path :  /home/pjones/Projects/JavaProjects/WebKeepass/jakarta-tomcat-5.5.7/webapps/ROOT/XML/KeePass020.xml -->
<!--	 	 Last Update :  17-Mar-2009 -->
<!--	 	 User Profile:  root -->
<SCRIPT SCRIPT_NAME="KeePass020" DOCUMENT_TYPE="Window" CLASS_NAME="server.Doc" AUTO_REFRESH="true" ICON="WTE1B.jpg" DESCRIPTION="Link Files Om Wachtwoord" Screen_Title="Link Files To Password" WIDTH="960" HEIGHT="610">
  <ButtonBar>
    <BarButton TYPE="FIND" DESCRIPTION="Zoek / Vernieuwen" ICON="iFind.gif" METHOD="getDocList" />
    <BarButton TYPE="POST" DESCRIPTION="Update Beschrijvingen" ICON="iEdit.gif" METHOD="updDocList" />
  </ButtonBar>
  <Panel POSITION="Left" HIDDEN="N">
    <TextField FIELDNAME="PasswordID" DESCRIPTION="Wachtwoord ID #" LENGTH="10" DECIMALS="0" DATA_TYPE="CHR" DATA_LEN="20" POSITION="Left" PROTECTED="N" HIDDEN="N" ZERO_FILL="N" ENCRYPT="Y" LINK="KeePass006" METHOD="getDocList" />
    <TextField FIELDNAME="a0" LENGTH="30" DECIMALS="0" DATA_TYPE="CHR" DATA_LEN="50" PROTECTED="Y" HIDDEN="N" ZERO_FILL="N" ENCRYPT="Y" />
  </Panel>
  <DocumentManagerTable FIELDNAME="DocMngr" HEIGHT="0" WIDTH="0" POSITION="Left" COMMIT_CLASS="server.Doc" COMMIT_METHOD="importDoc" COMPONENT_ORIENTATION="Top">
    <TableNavRow FIELDNAME="nav" DESCRIPTION="-" LENGTH="2" ENCRYPT="N" />
    <TableTextField FIELDNAME="DocumentID" DESCRIPTION="ID" LENGTH="3" DECIMALS="0" DATA_TYPE="CHR" DATA_LEN="10" PROTECTED="Y" ZERO_FILL="N" ENCRYPT="N" ALIGNMENT="Center" />
    <TableTextField FIELDNAME="DocumentFile" DESCRIPTION="Bestand" LENGTH="12" DECIMALS="0" DATA_TYPE="CHR" DATA_LEN="60" PROTECTED="Y" ZERO_FILL="N" ENCRYPT="N" ALIGNMENT="Left" />
    <TableTextField FIELDNAME="DocumentDesc" DESCRIPTION="Aflopend" LENGTH="30" DECIMALS="0" DATA_TYPE="CHR" DATA_LEN="60" PROTECTED="N" ZERO_FILL="N" ENCRYPT="N" ALIGNMENT="Left" />
    <TableTextField FIELDNAME="DocumentDate" DESCRIPTION="Datum" LENGTH="10" DECIMALS="0" DATA_TYPE="DAT" DATA_LEN="20" PROTECTED="Y" ZERO_FILL="N" ENCRYPT="N" ALIGNMENT="Left" />
  </DocumentManagerTable>
</SCRIPT>

