<?xml version="1.0" encoding="UTF-8"?>

<!--	 **Script Builder 4.0 - www.ossfree.net *  -->
<!--	 	 Script Name :  KeePass012 -->
<!--	 	 Description :  View Shared Passwords -->
<!--	 	 Server Class :  server.Crypt -->
<!--	 	 Initalization Method :   -->
<!--	 	 File Path :  /home/pjones/Projects/JavaProjects/WebKeepass/wkp/jakarta-tomcat-5.5.7/webapps/ROOT/XML/ENG/KeePass012.xml -->
<!--	 	 Last Update :  26-Nov-2010 -->
<!--	 	 User Profile:  root -->
<SCRIPT SCRIPT_NAME="KeePass012" DOCUMENT_TYPE="Window" CLASS_NAME="server.Crypt" AUTO_REFRESH="true" ICON="WKP1.jpg" DESCRIPTION="Bekijk Shared Wachtwoorden" Screen_Title="View Shared Passwords" WIDTH="850" HEIGHT="710">
  <ButtonBar>
    <BarButton TYPE="FIND" DESCRIPTION="Verversen" ICON="iFind.gif" METHOD="getSharedCrypt" />
  </ButtonBar>
  <Panel POSITION="Left" HIDDEN="N">
    <TextField FIELDNAME="PasswordID" DESCRIPTION="Wachtwoord ID #" LENGTH="10" DECIMALS="0" DATA_TYPE="CHR" DATA_LEN="50" POSITION="Left" PROTECTED="Y" HIDDEN="N" ZERO_FILL="N" ENCRYPT="Y" />
    <TextField FIELDNAME="a0" DESCRIPTION="Titel" LENGTH="30" DECIMALS="0" DATA_TYPE="CHR" DATA_LEN="50" PROTECTED="Y" HIDDEN="N" ZERO_FILL="N" ENCRYPT="Y" />
    <TextField FIELDNAME="j1" DESCRIPTION="Gedeeld door" LENGTH="30" DECIMALS="0" DATA_TYPE="CHR" DATA_LEN="50" POSITION="Left" PROTECTED="Y" HIDDEN="N" ZERO_FILL="N" ENCRYPT="Y" ALIGNMENT="Left" />
  </Panel>
  <TabGroup HEIGHT="0" WIDTH="0" POSITION="Left" COMPONENT_ORIENTATION="Top">
    <TabItem DESCRIPTION="Wachtwoord Entry" ICON="tdot.gif">
      <Panel POSITION="Left" HIDDEN="N">
	<TextField FIELDNAME="b9" DESCRIPTION="Gebruikersnaam" LENGTH="30" DECIMALS="0" DATA_TYPE="CHR" DATA_LEN="50" POSITION="Left" PROTECTED="Y" HIDDEN="N" ZERO_FILL="N" ENCRYPT="Y" ALIGNMENT="Left" />
	<Button FIELDNAME="b9" DESCRIPTION="Kopiëren naar Clip-Timer" ICON="clip.gif" POSITION="Center" METHOD="CLIP_FIELD" />
	<PasswordEditor FIELDNAME="c8" DESCRIPTION="Wachtwoord" LENGTH="25" DATA_LEN="50" POSITION="Left" HIDDEN="N" ENCRYPT="Y" ALIGNMENT="Left" />
	<Button FIELDNAME="c8" DESCRIPTION="Kopiëren naar Clip-Timer" ICON="clip.gif" POSITION="Center" METHOD="CLIP_FIELD" />
	<TextField FIELDNAME="d7" DESCRIPTION="Maak Datum" LENGTH="12" DECIMALS="0" DATA_TYPE="DAT" DATA_LEN="20" POSITION="Left" PROTECTED="Y" HIDDEN="N" ZERO_FILL="N" ENCRYPT="Y" ALIGNMENT="Left" />
	<TextField FIELDNAME="e6" DESCRIPTION="Laatste Update" LENGTH="12" DECIMALS="0" DATA_TYPE="DAT" DATA_LEN="20" PROTECTED="Y" HIDDEN="N" ZERO_FILL="N" ENCRYPT="Y" ALIGNMENT="Left" />
	<TextField FIELDNAME="f5" DESCRIPTION="Verloopt" LENGTH="12" DECIMALS="0" DATA_TYPE="DAT" DATA_LEN="20" POSITION="Left" PROTECTED="Y" HIDDEN="N" ZERO_FILL="N" ENCRYPT="Y" ALIGNMENT="Left" />
	<CheckBox FIELDNAME="g4" DESCRIPTION="Verloopt nooit" ENCRYPT="Y" />
      </Panel>
      <Panel POSITION="Left" HIDDEN="N">
	<TextField FIELDNAME="n7" DESCRIPTION="Web Site" LENGTH="40" DECIMALS="0" DATA_TYPE="CHR" DATA_LEN="50" POSITION="Left" PROTECTED="Y" HIDDEN="N" ZERO_FILL="N" ENCRYPT="Y" ALIGNMENT="Left" />
	<Button FIELDNAME="n7" ICON="MNode2.gif" METHOD="URL" />
	<TextField FIELDNAME="i2" DESCRIPTION="Alt Web Site" LENGTH="40" DECIMALS="0" DATA_TYPE="CHR" DATA_LEN="50" POSITION="Left" PROTECTED="Y" HIDDEN="N" ZERO_FILL="N" ENCRYPT="Y" ALIGNMENT="Left" />
	<Button FIELDNAME="i2" ICON="MNode2.gif" METHOD="URL" />
	<TextField FIELDNAME="k0" DESCRIPTION="Support Site" LENGTH="40" DECIMALS="0" DATA_TYPE="CHR" DATA_LEN="50" POSITION="Left" PROTECTED="Y" HIDDEN="N" ZERO_FILL="N" ENCRYPT="Y" ALIGNMENT="Left" />
	<Button FIELDNAME="k0" ICON="MNode2.gif" METHOD="URL" />
	<TextField FIELDNAME="m8" DESCRIPTION="E-mail" LENGTH="40" DECIMALS="0" DATA_TYPE="CHR" DATA_LEN="50" POSITION="Left" PROTECTED="N" HIDDEN="Y" ZERO_FILL="N" ENCRYPT="Y" ALIGNMENT="Left" />
	<Button FIELDNAME="m8" ICON="MNode2.gif" METHOD="EMAIL" />
	<TextField FIELDNAME="p5" DESCRIPTION="Programma te draaien" LENGTH="40" DECIMALS="0" DATA_TYPE="CHR" DATA_LEN="50" POSITION="Left" PROTECTED="Y" HIDDEN="N" ZERO_FILL="N" ENCRYPT="Y" ALIGNMENT="Left" />
      </Panel>
    </TabItem>
    <TabItem DESCRIPTION="Opmerkingen" ICON="tdot.gif">
      <TextRTFArea FIELDNAME="Notes" DESCRIPTION="Opmerkingen" HEIGHT="15" WIDTH="33" POSITION="Left" PROTECTED="N" />
    </TabItem>
    <TabItem DESCRIPTION="Geschiedenis" ICON="tdot.gif">
      <Table FIELDNAME="Table1" HEIGHT="16" WIDTH="0" POSITION="Left">
	<TableTextField FIELDNAME="HistoryID" DESCRIPTION="ID" LENGTH="3" DECIMALS="0" DATA_TYPE="INT" DATA_LEN="5" PROTECTED="Y" ZERO_FILL="N" ENCRYPT="N" ALIGNMENT="Left" />
	<TableTextField FIELDNAME="a0t" DESCRIPTION="Titel" LENGTH="12" DECIMALS="0" DATA_TYPE="CHR" DATA_LEN="50" PROTECTED="Y" ZERO_FILL="N" ENCRYPT="Y" ALIGNMENT="Left" />
	<TableTextField FIELDNAME="b9t" DESCRIPTION="Gebruikersnaam" LENGTH="12" DECIMALS="0" DATA_TYPE="CHR" DATA_LEN="50" PROTECTED="Y" ZERO_FILL="N" ENCRYPT="Y" ALIGNMENT="Left" />
	<TableTextField FIELDNAME="e6t" DESCRIPTION="Datum" LENGTH="12" DECIMALS="0" DATA_TYPE="DAT" DATA_LEN="50" PROTECTED="Y" ZERO_FILL="N" ENCRYPT="Y" ALIGNMENT="Left" />
      </Table>
      <Panel POSITION="Left" HIDDEN="N" />
    </TabItem>
    <TabItem DESCRIPTION="Image / Icoon" ICON="tdot.gif">
      <ImageBox FIELDNAME="Image" LENGTH="32" HEIGHT="16" WIDTH="0" POSITION="Left" PROTECTED="N" ENCRYPT="N" />
    </TabItem>
  </TabGroup>
</SCRIPT>

