<?xml version="1.0" encoding="UTF-8"?>

<!--	 **Script Builder 4.0 - www.ossfree.net *  -->
<!--	 	 Script Name :  KeePass006 -->
<!--	 	 Description :  My Password Profile -->
<!--	 	 Server Class :  server.Crypt -->
<!--	 	 Initalization Method :  getCryptSrch -->
<!--	 	 File Path :  /home/pjones/Projects/JavaProjects/WebKeepass/wkp/jakarta-tomcat-5.5.7/webapps/ROOT/XML/ENG/KeePass006.xml -->
<!--	 	 Last Update :  05-Sep-2011 -->
<!--	 	 User Profile:  root -->
<SCRIPT SCRIPT_NAME="KeePass006" DOCUMENT_TYPE="Window" CLASS_NAME="server.Crypt" METHOD="getCryptSrch" AUTO_REFRESH="true" ICON="WKP8.jpg" DESCRIPTION="My Password Profile" Screen_Title="My Password Profile" WIDTH="980" HEIGHT="650">
  <ButtonBar>
    <BarButton TYPE="CLEAR" DESCRIPTION="Duidelijk" ICON="iClear.gif" />
    <BarButton TYPE="FIND" DESCRIPTION="Find/Refresh" ICON="iFind.gif" METHOD="getCryptSrch" />
  </ButtonBar>
  <Panel DESCRIPTION="Search By" POSITION="Left Fill" HIDDEN="N">
    <TextField FIELDNAME="@pwdID" DESCRIPTION="Password ID" LENGTH="20" DECIMALS="0" DATA_TYPE="CHR" DATA_LEN="50" POSITION="Left" PROTECTED="N" HIDDEN="N" ZERO_FILL="N" ENCRYPT="N" ALIGNMENT="Left" COMMIT_CLASS="server.Crypt" COMMIT_METHOD="getCryptSrch" />
    <TextField FIELDNAME="@desc" DESCRIPTION="Description" LENGTH="22" DECIMALS="0" DATA_TYPE="CHR" DATA_LEN="50" PROTECTED="N" HIDDEN="N" ZERO_FILL="N" ENCRYPT="N" />
    <TextField FIELDNAME="@userName" DESCRIPTION="Gebruiker Naume" LENGTH="20" DECIMALS="0" DATA_TYPE="CHR" DATA_LEN="50" PROTECTED="N" HIDDEN="N" ZERO_FILL="N" ENCRYPT="N" />
  </Panel>
  <TabTable HEIGHT="10" WIDTH="10" POSITION="Left" COMPONENT_ORIENTATION="Top">
    <Table FIELDNAME="Table1" DESCRIPTION="Password" HEIGHT="16" WIDTH="16" POSITION="Left">
      <TableNavRow LENGTH="3" ENCRYPT="N" />
      <TableTextField FIELDNAME="PasswordID" DESCRIPTION="-ID" LENGTH="8" DECIMALS="0" DATA_TYPE="CHR" DATA_LEN="50" PROTECTED="Y" ZERO_FILL="N" ENCRYPT="Y" ALIGNMENT="Left" />
      <TableImageField FIELDNAME="r3" DESCRIPTION="Icn" LENGTH="2" ENCRYPT="Y" />
      <TableTextField FIELDNAME="a0" DESCRIPTION="Desc" LENGTH="10" DECIMALS="0" DATA_TYPE="CHR" DATA_LEN="50" PROTECTED="Y" ZERO_FILL="N" ENCRYPT="Y" ALIGNMENT="Left" />
      <TableTextField FIELDNAME="b9" DESCRIPTION="Gebruikersnaam" LENGTH="10" DECIMALS="0" DATA_TYPE="CHR" DATA_LEN="50" PROTECTED="Y" ZERO_FILL="N" ENCRYPT="Y" ALIGNMENT="Left" />
      <TablePwdField FIELDNAME="c8" DESCRIPTION="Wachtwoord" LENGTH="4" ENCRYPT="Y" />
      <TablePwdField FIELDNAME="q4" DESCRIPTION="Robot" LENGTH="4" ENCRYPT="Y" />
      <TableTextField FIELDNAME="f5" DESCRIPTION="Verloopt op" LENGTH="8" DECIMALS="0" DATA_TYPE="DAT" DATA_LEN="50" PROTECTED="Y" ZERO_FILL="N" ENCRYPT="Y" ALIGNMENT="Center" />
    </Table>
    <Table FIELDNAME="Table2" DESCRIPTION="Internet" HEIGHT="12" WIDTH="12" POSITION="Left">
      <TableTextField FIELDNAME="PasswordID" DESCRIPTION="-ID" LENGTH="8" DECIMALS="0" DATA_TYPE="CHR" DATA_LEN="50" PROTECTED="Y" ZERO_FILL="N" ENCRYPT="Y" ALIGNMENT="Left" />
      <TableTextField FIELDNAME="n7" DESCRIPTION="Web Site" LENGTH="8" DECIMALS="0" DATA_TYPE="CHR" DATA_LEN="50" PROTECTED="Y" ZERO_FILL="N" ENCRYPT="Y" ALIGNMENT="Left" />
      <TableTextField FIELDNAME="i2" DESCRIPTION="Alt Site" LENGTH="10" DECIMALS="0" DATA_TYPE="CHR" DATA_LEN="50" PROTECTED="Y" ZERO_FILL="N" ENCRYPT="Y" ALIGNMENT="Left" />
      <TableTextField FIELDNAME="k0" DESCRIPTION="Sprt Site" LENGTH="8" DECIMALS="0" DATA_TYPE="CHR" DATA_LEN="50" PROTECTED="Y" ZERO_FILL="N" ENCRYPT="Y" ALIGNMENT="Left" />
      <TableTextField FIELDNAME="m8" DESCRIPTION="Email" LENGTH="8" DECIMALS="0" DATA_TYPE="CHR" DATA_LEN="50" PROTECTED="Y" ZERO_FILL="N" ENCRYPT="Y" ALIGNMENT="Left" />
      <TableTextField FIELDNAME="p5" DESCRIPTION="Pgm" LENGTH="7" DECIMALS="0" DATA_TYPE="CHR" DATA_LEN="50" PROTECTED="Y" ZERO_FILL="N" ENCRYPT="Y" ALIGNMENT="Left" />
    </Table>
  </TabTable>
  <Panel POSITION="Left" HIDDEN="N">
    <Button FIELDNAME="CrtGrp" DESCRIPTION="Update / Wachtwoord toevoegen" POSITION="Left" LINK="KeePass002" PARAMETER="Table1" METHOD_CLASS="server.Crypt" METHOD="getCrypt" />
    <Button FIELDNAME="ShrPwd" DESCRIPTION="Auto Type / Form Robot" PARAMETER="Table1" METHOD="AUTO_TYPE" />
  </Panel>
</SCRIPT>

