<?xml version="1.0" encoding="UTF-8"?>

<Literals>
  <Literal LiteralID = "SVR0001"  Text="Base de Datos de error - un error de base de datos - Por favor, comuníquese con el administrador de sistemas"  Severity="30" Type="MessageBar"/>

  <Literal LiteralID = "SVR0002"  Text="Solicitar Servidor Completo" Severity="00" Type="Pop-Up" />

  <Literal LiteralID = "SVR0003"  Text="Solicitud no está completa: Errores de Revisión Abajo" Severity="00" Type="Pop-Up" /> 
  
  <Literal LiteralID = "SVR0004"  Text="Clase No se ha encontrado - Por favor, comuníquese con el administrador de sistemas"  Severity="30" Type="MessageBar" />

  <Literal LiteralID = "SVR0005"  Text="Servidor de seguridad de excepción - Por favor, comuníquese con el administrador de sistemas"  Severity="30" Type="MessageBar" />
  
  <Literal LiteralID = "SVR0006"  Text="Método No se ha encontrado - Por favor, comuníquese con el administrador de sistemas"   Severity="30" Type="MessageBar" />

  <Literal LiteralID = "SVR0007"  Text="Instanciación Error - Por favor, comuníquese con el administrador de sistemas"  Severity="30" Type="MessageBar" />
	
  <Literal LiteralID = "SVR0008"  Text="Seguridad del servidor de errores por favor comuníquese con el administrador de sistemas"  Severity="30" Type="MessageBar" />

  <Literal LiteralID = "SVR0009"  Text="Invocación objetivo / Stack captura de error - Por favor, comuníquese con el administrador de sistemas"  Severity="30" Type="MessageBar" />

  <Literal LiteralID = "SVR0011"  Text="Menú Archivo no encontrado"  Severity="30" Type="MessageBar" /> 
  
  <Literal LiteralID = "SVR0012"  Text="Menú Archivo error de análisis XML"  Severity="30" Type="MessageBar" />			
			
  <Literal LiteralID = "SVR0014"  Text="Menú File I / O error"  Severity="30" Type="MessageBar" />
  
  <Literal LiteralID = "SVR0015"  Text="Script No se ha encontrado - Por favor, comuníquese con el administrador de sistemas"  Severity="30" Type="MessageBar" /> 

  <Literal LiteralID = "SVR0016"  Text="Script Error de análisis XML - Por favor, comuníquese con el administrador de sistemas"  Severity="30" Type="MessageBar" /> 
  
  <Literal LiteralID = "SVR0017"  Text="Script Error de archivo - Por favor, comuníquese con el administrador de sistemas"  Severity="30" Type="MessageBar" /> 





  <Literal LiteralID = "LIT0001"  Text="Artículo no encontrado - Nueva entrada"  Severity="10" Type="MessageBar"/>

  <Literal LiteralID = "LIT0002"  Text="Artículo no encontrado - al final del archivo"   Severity="30" Type="MessageBar"/>

  <Literal LiteralID = "LIT0003"  Text="Artículo no encontrado - al comienzo de archivo"  Severity="30" Type="MessageBar" />

  <Literal LiteralID = "LIT0004"  Text="Elemento Actualizado" Severity="00" Type="MessageBar" />

  <Literal LiteralID = "LIT0005"  Text="Tema Alta"  Severity="00" Type="MessageBar"/>

  <Literal LiteralID = "LIT0006"  Text="Punto (s) Suprimido"  Severity="00" Type="MessageBar"/>
 
  <Literal LiteralID = "LIT0007"  Text="Base de datos de error - Por favor, comuníquese con el administrador de sistemas"  Severity="30" Type="MessageBar"/>

  <Literal LiteralID = "LIT0008"  Text="Producto exportado"  Severity="00" Type="MessageBar"/>

  <Literal LiteralID = "LIT0009"  Text="Tema importados"  Severity="00" Type="MessageBar"/>
 
  <Literal LiteralID = "LIT0010"  Text="No se encuentra la secuencia de comandos"  Severity="30" Type="MessageBar"/>

  <Literal LiteralID = "LIT0011"  Text="Artículo no encontrado"  Severity="30" Type="MessageBar"/>
 
  <Literal LiteralID = "LIT0012"  Text="Grupo no válido de identificación"  Severity="30" Type="MessageBar"/>

  <Literal LiteralID = "LIT0013"  Text="Servidor de acceso no válido"  Severity="30" Type="MessageBar"/>

  <Literal LiteralID = "LIT0014"  Text="Formato no válido Fecha"  Severity="30" Type="MessageBar"/>

  <Literal LiteralID = "LIT0015"  Text="Menú Archivo XML no válido"  Severity="30" Type="MessageBar"/>

 
  <Literal LiteralID = "WKP0001"  Text="Usuario no válido Web / Grupo"  Severity="30" Type="MessageBar"/>
 
  <Literal LiteralID = "WKP0002"  Text="Contraseña no válida del artículo"  Severity="30" Type="MessageBar"/>
 
  <Literal LiteralID = "WKP0003"  Text="No válido o Grupo KeePass En activo"  Severity="30" Type="MessageBar"/>
  
  <Literal LiteralID = "WKP0004"  Text="Contraseña ID espacios en blanco"  Severity="30" Type="MessageBar"/>



  <Literal LiteralID = "OSS0001"  Text="Soluciones Java para aplicaciones empresariales" Severity="00" Type="MessageText"/>

  <Literal LiteralID = "OSS0002"  Text="Otra Solicitud Gratuita Por:" Severity="00" Type="MessageText"/>


  <Literal LiteralID = "UAD0110"  Text="Editar Usuario Web"  Severity="00" Type="MessageText"/>

  <Literal LiteralID = "UAD0130"  Text="Web de perfiles de usuario"  Severity="00" Type="MessageText"/>

  <Literal LiteralID = "UAD0100"  Text="Editar Grupo de Usuarios de Internet"  Severity="00" Type="MessageText"/>

  <Literal LiteralID = "UAD0120"  Text="Web Grupo de perfiles de usuario"  Severity="00" Type="MessageText"/>

  <Literal LiteralID = "UAD0150"  Text="Editar script"  Severity="00" Type="MessageText"/>

  <Literal LiteralID = "UAD0160"  Text="Menú Edición"  Severity="00" Type="MessageText"/>

  <Literal LiteralID = "UAD0190"  Text="Script perfiles"  Severity="00" Type="MessageText"/>




  <Literal LiteralID = "MTH0001"  Text="Enero"  Severity="00" Type="MessageText"/>

  <Literal LiteralID = "MTH0002"  Text="Febrero"  Severity="00" Type="MessageText"/>

  <Literal LiteralID = "MTH0003"  Text="Marzo"  Severity="00" Type="MessageText"/>

  <Literal LiteralID = "MTH0004"  Text="Abril"  Severity="00" Type="MessageText"/>

  <Literal LiteralID = "MTH0005"  Text="Mayo"  Severity="00" Type="MessageText"/>

  <Literal LiteralID = "MTH0006"  Text="Junio"  Severity="00" Type="MessageText"/>

  <Literal LiteralID = "MTH0007"  Text="Julio"  Severity="00" Type="MessageText"/>

  <Literal LiteralID = "MTH0008"  Text="Agosto"  Severity="00" Type="MessageText"/>

  <Literal LiteralID = "MTH0009"  Text="Septiembre"  Severity="00" Type="MessageText"/>

  <Literal LiteralID = "MTH0010"  Text="Octubre"  Severity="00" Type="MessageText"/>

  <Literal LiteralID = "MTH0011"  Text="De noviembre"  Severity="00" Type="MessageText"/>

  <Literal LiteralID = "MTH0012"  Text="Diciembre"  Severity="00" Type="MessageText"/>




  <Literal LiteralID = "PWD0001"  Text="Alto y el Bajo Cartas"  Severity="00" Type="MessageText"/>

  <Literal LiteralID = "PWD0002"  Text="Baja Cartas"  Severity="00" Type="MessageText"/>

  <Literal LiteralID = "PWD0003"  Text="Baja letras y números"  Severity="00" Type="MessageText"/>

  <Literal LiteralID = "PWD0004"  Text="Alto y el Bajo letras y números"  Severity="00" Type="MessageText"/>

  <Literal LiteralID = "PWD0005"  Text="Todos los caracteres imprimibles"  Severity="00" Type="MessageText"/>

  <Literal LiteralID = "PWD0006"  Text="Letras mayúsculas"  Severity="00" Type="MessageText"/>

  <Literal LiteralID = "PWD0007"  Text="Alto letras y números"  Severity="00" Type="MessageText"/>



  <Literal LiteralID = "TXT0001"  Text="Haga clic en Aceptar" Severity="00" Type="MessageText"/>

  <Literal LiteralID = "TXT0002"  Text="Seleccionar color"  Severity="00" Type="MessageText"/>

  <Literal LiteralID = "TXT0003"  Text="Selecciona fecha"  Severity="00" Type="MessageText"/>

  <Literal LiteralID = "TXT0004"  Text="Hoy"  Severity="00" Type="MessageText"/>

  <Literal LiteralID = "TXT0005"  Text="Calculadora"  Severity="00" Type="MessageText"/>

  <Literal LiteralID = "TXT0006"  Text="Valor de Retorno"  Severity="00" Type="MessageText"/>

  <Literal LiteralID = "TXT0007"  Text="Seleccionar fuente"  Severity="00" Type="MessageText"/>

  <Literal LiteralID = "TXT0008"  Text="Color de fuente"  Severity="00" Type="MessageText"/>

  <Literal LiteralID = "TXT0009"  Text="Texto de ejemplo"  Severity="00" Type="MessageText"/>

  <Literal LiteralID = "TXT0010"  Text="Prevista"  Severity="00" Type="MessageText"/>

  <Literal LiteralID = "TXT0011"  Text="Eliminar confirmación"  Severity="00" Type="MessageText"/>

  <Literal LiteralID = "TXT0012"  Text="Eliminar los elementos seleccionados?"  Severity="00" Type="MessageText"/>

  <Literal LiteralID = "TXT0013"  Text="Sí"  Severity="00" Type="MessageText"/>

  <Literal LiteralID = "TXT0014"  Text="No"  Severity="00" Type="MessageText"/>

  <Literal LiteralID = "TXT0015"  Text="Sesión Time Out"  Severity="00" Type="MessageText"/>

  <Literal LiteralID = "TXT0016"  Text="La sesión terminará ahora"  Severity="00" Type="MessageText"/>

  <Literal LiteralID = "TXT0017"  Text="Log-Out"  Severity="00" Type="MessageText"/>

  <Literal LiteralID = "TXT0018"  Text="Log out Confirmación"  Severity="00" Type="MessageText"/>

  <Literal LiteralID = "TXT0019"  Text="Log-off esta sesión?"  Severity="00" Type="MessageText"/>

  <Literal LiteralID = "TXT0020"  Text="Coincidir mayúsculas y minúsculas"  Severity="00" Type="MessageText"/>

  <Literal LiteralID = "TXT0021"  Text="Sólo palabras completas"  Severity="00" Type="MessageText"/>

  <Literal LiteralID = "TXT0022"  Text="Buscar por"  Severity="00" Type="MessageText"/>
 
  <Literal LiteralID = "TXT0023"  Text="Opciones"  Severity="00" Type="MessageText"/>

  <Literal LiteralID = "TXT0024"  Text="Vuelva a colocar:"  Severity="00" Type="MessageText"/>

  <Literal LiteralID = "TXT0025"  Text="Sólo palabras completas"  Severity="00" Type="MessageText"/>

  <Literal LiteralID = "TXT0026"  Text="Buscar por"  Severity="00" Type="MessageText"/>

  <Literal LiteralID = "TXT0027"  Text="Encontrar Cadena de búsqueda"  Severity="00" Type="MessageText"/>

  <Literal LiteralID = "TXT0028"  Text="Reemplazar cadena"  Severity="00" Type="MessageText"/>
  
  <Literal LiteralID = "TXT0029"  Text="Reemplazar todo"  Severity="00" Type="MessageText"/>

  <Literal LiteralID = "TXT0030"  Text="Buscar y reemplazar"  Severity="00" Type="MessageText"/>

  <Literal LiteralID = "TXT0031"  Text="Solicitud de red"  Severity="00" Type="MessageText"/>

  <Literal LiteralID = "TXT0032"  Text="Entrada no válida de campo"  Severity="00" Type="MessageText"/>

  <Literal LiteralID = "TXT0033"  Text="Solicitud de Confirmación"  Severity="00" Type="MessageText"/>

  <Literal LiteralID = "TXT0034"  Text="Una palabra de advertencia"  Severity="00" Type="MessageText"/>

  <Literal LiteralID = "TXT0035"  Text="Nombre de usuario:"  Severity="00" Type="MessageText"/>

  <Literal LiteralID = "TXT0036"  Text="Contraseña:"  Severity="00" Type="MessageText"/>

  <Literal LiteralID = "TXT0038"  Text="Conexión del servidor-Perdí a intentarlo más tarde"  Severity="00" Type="MessageText"/>

  <Literal LiteralID = "TXT0039"  Text="Error HTTP"  Severity="00" Type="MessageText"/>

  <Literal LiteralID = "TXT0040"  Text="Solicitud de cambio de contraseña"  Severity="00" Type="MessageText"/>

  <Literal LiteralID = "TXT0041"  Text="Cambiar mi contraseña"  Severity="00" Type="MessageText"/>

  <Literal LiteralID = "TXT0042"  Text="La clave no puede ser en blanco"  Severity="00" Type="MessageText"/>

  <Literal LiteralID = "TXT0043"  Text="Nueva contraseña no es válida"  Severity="00" Type="MessageText"/>

  <Literal LiteralID = "TXT0044"  Text="Información del servidor"  Severity="00" Type="MessageText"/>

  <Literal LiteralID = "TXT0045"  Text="Abra Conexiones:"  Severity="00" Type="MessageText"/>

  <Literal LiteralID = "TXT0046"  Text="Objetos:"  Severity="00" Type="MessageText"/>

  <Literal LiteralID = "TXT0047"  Text="Menú XML:"  Severity="00" Type="MessageText"/>

  <Literal LiteralID = "TXT0048"  Text="Formato de fecha:"  Severity="00" Type="MessageText"/>

  <Literal LiteralID = "TXT0049"  Text="Servlet Disponibilidad:" Severity="00" Type="MessageText"/>

  <Literal LiteralID = "TXT0050"  Text="Servlet Registros:" Severity="00" Type="MessageText"/>

  <Literal LiteralID = "TXT0051"  Text="Ver registro del servidor" Severity="00" Type="MessageText"/>

  <Literal LiteralID = "TXT0052"  Text="Usuario de seguridad y Editar XML" Severity="00" Type="MessageText"/>

  <Literal LiteralID = "TXT0053"  Text="Instrumentos" Severity="00" Type="MessageText"/>
 
  <Literal LiteralID = "TXT0054"  Text="Log-off" Severity="00" Type="MessageText"/>

  <Literal LiteralID = "TXT0055"  Text="Portapapeles liquidadas en:" Severity="00" Type="MessageText"/>

  <Literal LiteralID = "TXT0056"  Text="Establecer Split"  Severity="00" Type="MessageText"/>

  <Literal LiteralID = "TXT0057"  Text="Usuario:"  Severity="00" Type="MessageText"/>

  <Literal LiteralID = "TXT0058"  Text="Fecha:"  Severity="00" Type="MessageText"/>

  <Literal LiteralID = "TXT0059"  Text="Personalizar parte superior del Escritorio"  Severity="00" Type="MessageText"/>

  <Literal LiteralID = "TXT0060"  Text="Color"  Severity="00" Type="MessageText"/>

  <Literal LiteralID = "TXT0061"  Text="Fuente"  Severity="00" Type="MessageText"/>

  <Literal LiteralID = "TXT0062"  Text="Antecedentes:"  Severity="00" Type="MessageText"/>

  <Literal LiteralID = "TXT0063"  Text="Std. fuente:"  Severity="00" Type="MessageText"/>

  <Literal LiteralID = "TXT0064"  Text="Título Fuente Bar:"  Severity="00" Type="MessageText"/>

  <Literal LiteralID = "TXT0065"  Text="Título de fuentes:"  Severity="00" Type="MessageText"/>

  <Literal LiteralID = "TXT0066"  Text="Barra de título:"  Severity="00" Type="MessageText"/>

  <Literal LiteralID = "TXT0067"  Text="Cursor:"  Severity="00" Type="MessageText"/>

  <Literal LiteralID = "TXT0068"  Text="Guarde escritorio"  Severity="00" Type="MessageText"/>

  <Literal LiteralID = "TXT0069"  Text="Cambiar mi contraseña"  Severity="00" Type="MessageText"/>

  <Literal LiteralID = "TXT0070"  Text="Contraseña actual:"  Severity="00" Type="MessageText"/>

  <Literal LiteralID = "TXT0071"  Text="Nueva contraseña:"  Severity="00" Type="MessageText"/>

  <Literal LiteralID = "TXT0072"  Text="Repetir nueva contraseña:"  Severity="00" Type="MessageText"/>

  <Literal LiteralID = "TXT0073"  Text="Cambiar contraseña"  Severity="00" Type="MessageText"/>

  <Literal LiteralID = "TXT0074"  Text="Iniciar las tareas administrativas"  Severity="00" Type="MessageText"/>

  <Literal LiteralID = "TXT0075"  Text="Sobre"  Severity="00" Type="MessageText"/>
 
  <Literal LiteralID = "TXT0076"  Text="Cambiar mi contraseña"  Severity="00" Type="MessageText"/>

  <Literal LiteralID = "TXT0077"  Text="Temas de escritorio"  Severity="00" Type="MessageText"/>

  <Literal LiteralID = "TXT0078"  Text="Detalles de secuencias de comandos"  Severity="00" Type="MessageText"/>
 
  <Literal LiteralID = "TXT0079"  Text="Acoplar la ventana"  Severity="00" Type="MessageText"/>

  <Literal LiteralID = "TXT0080"  Text="Nombre de Usuario:"  Severity="00" Type="MessageText"/>

  <Literal LiteralID = "TXT0081"  Text="Comando Llaves:"  Severity="00" Type="MessageText"/>

  <Literal LiteralID = "TXT0082"  Text="Título:"  Severity="00" Type="MessageText"/>

  <Literal LiteralID = "TXT0083"  Text="Servlet Clase:" Severity="00" Type="MessageText"/>

  <Literal LiteralID = "TXT0084"  Text="Ancho:" Severity="00" Type="MessageText"/>

  <Literal LiteralID = "TXT0085"  Text="F3 = Salir" Severity="00" Type="MessageText"/>

  <Literal LiteralID = "TXT0086"  Text="Altura:" Severity="00" Type="MessageText"/>

  <Literal LiteralID = "TXT0087"  Text="F4 = Símbolo del sistema" Severity="00" Type="MessageText"/>

  <Literal LiteralID = "TXT0088"  Text="Objetos total de la pantalla:" Severity="00" Type="MessageText"/>

  <Literal LiteralID = "TXT0089"  Text="F5 = Expandir mensajes" Severity="00" Type="MessageText"/>

  <Literal LiteralID = "TXT0090"  Text="Mostrar Sugerencias de secuencias de comandos:" Severity="00" Type="MessageText"/>

  <Literal LiteralID = "TXT0091"  Text="Cancelar" Severity="00" Type="MessageText"/>

  <Literal LiteralID = "TXT0092"  Text="Solicitud no está completa: Errores de Revisión Abajo" Severity="00" Type="MessageText"/>

  <Literal LiteralID = "TXT0093"  Text="Solicitar Servidor Completo" Severity="00" Type="MessageText"/>

  <Literal LiteralID = "TXT0094"  Text="debe ser numérico" Severity="00" Type="MessageText"/>

  <Literal LiteralID = "TXT0095"  Text="debe ser una fecha válida" Severity="00" Type="MessageText"/>

  <Literal LiteralID = "TXT0096"  Text="debe ser un tiempo válido como" Severity="00" Type="MessageText"/>

  <Literal LiteralID = "TXT0097"  Text="Buscar siguiente" Severity="00" Type="MessageText"/>

  <Literal LiteralID = "TXT0098"  Text="El archivo no se pueden importar" Severity="00" Type="MessageText"/>

  <Literal LiteralID = "TXT0099"  Text="Detalles" Severity="00" Type="MessageText"/>
  
  <Literal LiteralID = "TXT0100"  Text="Iconos" Severity="00" Type="MessageText"/>

  <Literal LiteralID = "TXT0101"  Text="Importación de documentos" Severity="00" Type="MessageText"/>

  <Literal LiteralID = "TXT0102"  Text="Ver Documento" Severity="00" Type="MessageText"/>

  <Literal LiteralID = "TXT0103"  Text="Eliminar documento" Severity="00" Type="MessageText"/>
 
  <Literal LiteralID = "TXT0104"  Text="Navegar" Severity="00" Type="MessageText"/>

  <Literal LiteralID = "TXT0105"  Text="Archivo no encontrado" Severity="00" Type="MessageText"/>

  <Literal LiteralID = "TXT0106"  Text="El archivo no se puede guardar" Severity="00" Type="MessageText"/>

  <Literal LiteralID = "TXT0107"  Text="Importación" Severity="00" Type="MessageText"/>

  <Literal LiteralID = "TXT0108"  Text="Exportación" Severity="00" Type="MessageText"/>

  <Literal LiteralID = "TXT0109"  Text="Formato de archivo no es correcto" Severity="00" Type="MessageText"/>

  <Literal LiteralID = "TXT0110"  Text="mostrar / ocultar contraseña" Severity="00" Type="MessageText"/>

  <Literal LiteralID = "TXT0111"  Text="Crear contraseña" Severity="00" Type="MessageText"/>

  <Literal LiteralID = "TXT0112"  Text="Como" Severity="00" Type="MessageText"/>

  <Literal LiteralID = "TXT0113"  Text="Empieza con" Severity="00" Type="MessageText"/>

  <Literal LiteralID = "TXT0114"  Text="Termina con" Severity="00" Type="MessageText"/>

  <Literal LiteralID = "TXT0115"  Text="Menos de" Severity="00" Type="MessageText"/>

  <Literal LiteralID = "TXT0116"  Text="Gran continuación," Severity="00" Type="MessageText"/>

  <Literal LiteralID = "TXT0117"  Text="Igual a" Severity="00" Type="MessageText"/>

  <Literal LiteralID = "TXT0118"  Text="No igual a" Severity="00" Type="MessageText"/>

  <Literal LiteralID = "TXT0119"  Text="Imprimir" Severity="00" Type="MessageText"/>
 
  <Literal LiteralID = "TXT0120"  Text="Copiar tabla en el portapapeles" Severity="00" Type="MessageText"/>

  <Literal LiteralID = "TXT0121"  Text="Cortar" Severity="00" Type="MessageText"/>
 
  <Literal LiteralID = "TXT0122"  Text="Copia" Severity="00" Type="MessageText"/>

  <Literal LiteralID = "TXT0123"  Text="Pasta" Severity="00" Type="MessageText"/>

  <Literal LiteralID = "TXT0124"  Text="Fuente" Severity="00" Type="MessageText"/>

  <Literal LiteralID = "TXT0125"  Text="Exportación de documentos" Severity="00" Type="MessageText"/>

  <Literal LiteralID = "TXT0126"  Text="Buscar y reemplazar" Severity="00" Type="MessageText"/>

  <Literal LiteralID = "TXT0127"  Text="Temas de escritorio" Severity="00" Type="MessageText"/>

  <Literal LiteralID = "TXT0128"  Text="F1 = Dock Ventana" Severity="00" Type="MessageText"/>

  <Literal LiteralID = "TXT0129"  Text="F2 = Seleccione Menú" Severity="00" Type="MessageText"/>


</Literals>

