<?xml version="1.0" encoding="UTF-8"?>

<!--	 **Script Builder 4.0 - www.ossfree.net *  -->
<!--	 	 Script Name :  KeePass003 -->
<!--	 	 Description :  View History -->
<!--	 	 Server Class :  server.Crypt -->
<!--	 	 Initalization Method :   -->
<!--	 	 File Path :  /home/pjones/Projects/JavaProjects/WebKeepass/wkp/jakarta-tomcat-5.5.7/webapps/ROOT/XML/ENG/KeePass003.xml -->
<!--	 	 Last Update :  26-Nov-2010 -->
<!--	 	 User Profile:  root -->
<SCRIPT SCRIPT_NAME="KeePass003" DOCUMENT_TYPE="Window" CLASS_NAME="server.Crypt" AUTO_REFRESH="false" DESCRIPTION="Ver Historia" Screen_Title="View History" WIDTH="750" HEIGHT="680">
  <ButtonBar>
    <BarButton TYPE="FIND" DESCRIPTION="Buscar / Actualizar" ICON="iFind.gif" METHOD="getCrypHistory" />
    <BarButton TYPE="PREV" DESCRIPTION="Anterior" ICON="iPrev.gif" METHOD="prvCrypHistory" />
    <BarButton TYPE="NEXT" DESCRIPTION="Próximo" ICON="iNext.gif" METHOD="nxtCrypHistory" />
    <BarButton TYPE="POST" DESCRIPTION="Restaurar este elemento" ICON="iEdit.gif" METHOD="restoreCrypt" />
  </ButtonBar>
  <Panel POSITION="Left" HIDDEN="N">
    <TextField FIELDNAME="HistoryID" DESCRIPTION="HistoryID" LENGTH="4" DECIMALS="0" DATA_TYPE="INT" DATA_LEN="5" POSITION="Left" PROTECTED="Y" HIDDEN="N" ZERO_FILL="N" ENCRYPT="N" LINK="KeePass001" METHOD="getPassword" />
    <TextField FIELDNAME="PasswordID" DESCRIPTION="PasswordID" LENGTH="10" DECIMALS="0" DATA_TYPE="CHR" DATA_LEN="20" PROTECTED="Y" HIDDEN="N" ZERO_FILL="N" ENCRYPT="Y" LINK="KeePass001" METHOD="getPassword" />
    <TextField FIELDNAME="a0" LENGTH="25" DECIMALS="0" DATA_TYPE="CHR" DATA_LEN="50" PROTECTED="Y" HIDDEN="N" ZERO_FILL="N" ENCRYPT="Y" />
  </Panel>
  <TabGroup HEIGHT="0" WIDTH="0" POSITION="Left" COMPONENT_ORIENTATION="Top">
    <TabItem DESCRIPTION="Introducción de la contraseña" ICON="tdot.gif">
      <Panel POSITION="Left" HIDDEN="N">
	<TextField FIELDNAME="GroupID" DESCRIPTION="Grupo" LENGTH="30" DECIMALS="0" DATA_TYPE="CHR" DATA_LEN="50" POSITION="Left" PROTECTED="Y" HIDDEN="N" ZERO_FILL="N" ENCRYPT="Y" ALIGNMENT="Left" />
	<TextField FIELDNAME="b9" DESCRIPTION="Nombre de usuario" LENGTH="30" DECIMALS="0" DATA_TYPE="CHR" DATA_LEN="50" POSITION="Left" PROTECTED="Y" HIDDEN="N" ZERO_FILL="N" ENCRYPT="Y" ALIGNMENT="Left" />
	<PasswordEditor FIELDNAME="c8" DESCRIPTION="Contraseña" LENGTH="25" DATA_LEN="50" POSITION="Left" HIDDEN="N" ENCRYPT="Y" ALIGNMENT="Left" />
	<TextField FIELDNAME="d7" DESCRIPTION="Fecha de Creación" LENGTH="12" DECIMALS="0" DATA_TYPE="DAT" DATA_LEN="20" POSITION="Left" PROTECTED="Y" HIDDEN="N" ZERO_FILL="N" ENCRYPT="Y" ALIGNMENT="Left" />
	<TextField FIELDNAME="e6" DESCRIPTION="Última actualización" LENGTH="12" DECIMALS="0" DATA_TYPE="DAT" DATA_LEN="20" PROTECTED="Y" HIDDEN="N" ZERO_FILL="N" ENCRYPT="Y" ALIGNMENT="Left" />
	<TextField FIELDNAME="f5" DESCRIPTION="Expira" LENGTH="12" DECIMALS="0" DATA_TYPE="DAT" DATA_LEN="20" POSITION="Left" PROTECTED="Y" HIDDEN="N" ZERO_FILL="N" ENCRYPT="Y" ALIGNMENT="Left" />
	<CheckBox FIELDNAME="g4" DESCRIPTION="Nunca caduca" POSITION="Left" ENCRYPT="Y" />
      </Panel>
      <Panel POSITION="Left" HIDDEN="N">
	<TextField FIELDNAME="n7" DESCRIPTION="Sitio Web" LENGTH="40" DECIMALS="0" DATA_TYPE="CHR" DATA_LEN="50" POSITION="Left" PROTECTED="Y" HIDDEN="N" ZERO_FILL="N" ENCRYPT="Y" ALIGNMENT="Left" />
	<TextField FIELDNAME="i2" DESCRIPTION="Alt Sitio Web" LENGTH="40" DECIMALS="0" DATA_TYPE="CHR" DATA_LEN="50" POSITION="Left" PROTECTED="Y" HIDDEN="N" ZERO_FILL="N" ENCRYPT="Y" ALIGNMENT="Left" />
	<TextField FIELDNAME="k0" DESCRIPTION="Servicios en el Sitio" LENGTH="40" DECIMALS="0" DATA_TYPE="CHR" DATA_LEN="50" POSITION="Left" PROTECTED="Y" HIDDEN="N" ZERO_FILL="N" ENCRYPT="Y" ALIGNMENT="Left" />
	<TextField FIELDNAME="m8" DESCRIPTION="E-mail" LENGTH="40" DECIMALS="0" DATA_TYPE="CHR" DATA_LEN="50" POSITION="Left" PROTECTED="Y" HIDDEN="N" ZERO_FILL="N" ENCRYPT="Y" ALIGNMENT="Left" />
	<TextField FIELDNAME="p5" DESCRIPTION="Programa a ejecutar" LENGTH="40" DECIMALS="0" DATA_TYPE="CHR" DATA_LEN="50" POSITION="Left" PROTECTED="Y" HIDDEN="N" ZERO_FILL="N" ENCRYPT="Y" ALIGNMENT="Left" />
      </Panel>
    </TabItem>
    <TabItem DESCRIPTION="Notas" ICON="tdot.gif">
      <TextRTFArea FIELDNAME="Notes" DESCRIPTION="Notas" HEIGHT="15" WIDTH="15" POSITION="Left" PROTECTED="N" />
    </TabItem>
    <TabItem DESCRIPTION="Imagen / icono" ICON="tdot.gif">
      <ImageBox FIELDNAME="Image" LENGTH="25" HEIGHT="15" WIDTH="0" POSITION="Left" PROTECTED="N" ENCRYPT="N" />
    </TabItem>
  </TabGroup>
</SCRIPT>

