<?xml version="1.0" encoding="UTF-8"?>

<!--	 **Script Builder 2.1 *  -->
<!--	 	 Script Name :  UserAdmin110 -->
<!--	 	 Description :  Edit User -->
<!--	 	 Server Class :  server.Adherent -->
<!--	 	 Initalization Method :   -->
<!--	 	 File Path :  /home/pjones/Projects/JavaProjects/WebKeePassLuke/jakarta-tomcat-5.5.7/webapps/ROOT/XML/UserAdmin110.xml -->
<!--	 	 Last Update :  18-May-2008 -->
<!--	 	 User Profile:  pjones -->
<SCRIPT SCRIPT_NAME="UserAdmin110" DOCUMENT_TYPE="Window" CLASS_NAME="server.Adherent" AUTO_REFRESH="false" ICON="WKPB.jpg" DESCRIPTION="Editar usuario" Screen_Title="Edit User" WIDTH="830" HEIGHT="730">
  <ButtonBar>
    <BarButton TYPE="CLEAR" DESCRIPTION="Claro" ICON="iClear.gif" />
    <BarButton TYPE="FIND" DESCRIPTION="Buscar-it!" ICON="iFind.gif" METHOD="getUser" />
    <BarButton TYPE="DELETE" DESCRIPTION="Borrar" ICON="iDelete.gif" METHOD="deleteUser" />
    <BarButton TYPE="PREV" DESCRIPTION="Anterior" ICON="iPrev.gif" METHOD="prvUser" />
    <BarButton TYPE="NEXT" DESCRIPTION="Próximo" ICON="iNext.gif" METHOD="nxtUser" />
    <BarButton TYPE="POST" DESCRIPTION="Agregar / actualizar" ICON="iEdit.gif" METHOD="updUser" />
    <BarButton TYPE="NEW-LINE" DESCRIPTION="Nueva KeePass Gr." ICON="iNew.gif" />
    <BarButton TYPE="DEL-LINE" DESCRIPTION="Eliminar KeePass Gr." ICON="iNew.gif" METHOD="deleteAdherent" />
  </ButtonBar>
  <Panel HIDDEN="N">
    <TextField FIELDNAME="UserID" DESCRIPTION="ID de usuario" LENGTH="8" DECIMALS="0" DATA_TYPE="CHR" DATA_LEN="0" POSITION="Left" PROTECTED="N" HIDDEN="N" ZERO_FILL="N" ENCRYPT="N" LINK="UserAdmin130" METHOD="getUser" />
    <TextField FIELDNAME="UserDescription" DESCRIPTION="Descripción" LENGTH="20" DECIMALS="0" DATA_TYPE="CHR" DATA_LEN="0" POSITION="Left" PROTECTED="N" HIDDEN="N" ZERO_FILL="N" ENCRYPT="N" />
    <PasswordField FIELDNAME="Password" DESCRIPTION="Contraseña" LENGTH="20" DATA_LEN="30" POSITION="Left" HIDDEN="N" ENCRYPT="N" ALIGNMENT="Left" />
    <CheckBox FIELDNAME="UpdPW" DESCRIPTION="Actualización de la contraseña" ENCRYPT="N" />
  </Panel>
  <Panel POSITION="Left" HIDDEN="N">
    <TextField FIELDNAME="WebSite" DESCRIPTION="Sitio Web" LENGTH="47" DECIMALS="0" DATA_TYPE="CHR" DATA_LEN="100" POSITION="Left" PROTECTED="N" HIDDEN="N" ZERO_FILL="N" ENCRYPT="N" />
    <Button FIELDNAME="WebSite" METHOD="URL" />
    <TextField FIELDNAME="Email" DESCRIPTION="Dirección de correo electrónico" LENGTH="47" DECIMALS="0" DATA_TYPE="CHR" DATA_LEN="100" POSITION="Left" PROTECTED="N" HIDDEN="N" ZERO_FILL="N" ENCRYPT="N" />
    <Button FIELDNAME="Email" ICON="webEMAIL.gif" METHOD="EMAIL" />
  </Panel>
  <TabGroup HEIGHT="0" WIDTH="0" POSITION="Left" COMPONENT_ORIENTATION="Bottom">
    <TabItem DESCRIPTION="Dirección">
      <Panel DESCRIPTION="Dirección de Información" POSITION="Left Fill" HIDDEN="N">
	<TextField FIELDNAME="Name" DESCRIPTION="Nombre" LENGTH="25" DECIMALS="0" DATA_TYPE="CHR" DATA_LEN="50" POSITION="Left" PROTECTED="N" HIDDEN="N" ZERO_FILL="N" ENCRYPT="N" />
	<TextField FIELDNAME="Address1" DESCRIPTION="Dirección" LENGTH="30" DECIMALS="0" DATA_TYPE="CHR" DATA_LEN="50" POSITION="Left" PROTECTED="N" HIDDEN="N" ZERO_FILL="N" ENCRYPT="N" />
	<TextField FIELDNAME="Address2" LENGTH="30" DECIMALS="0" DATA_TYPE="CHR" DATA_LEN="50" POSITION="Left" PROTECTED="N" HIDDEN="N" ZERO_FILL="N" ENCRYPT="N" />
	<TextField FIELDNAME="Address3" LENGTH="30" DECIMALS="0" DATA_TYPE="CHR" DATA_LEN="50" POSITION="Left" PROTECTED="N" HIDDEN="N" ZERO_FILL="N" ENCRYPT="N" />
	<TextField FIELDNAME="Address4" LENGTH="20" DECIMALS="0" DATA_TYPE="CHR" DATA_LEN="50" POSITION="Left" PROTECTED="N" HIDDEN="N" ZERO_FILL="N" ENCRYPT="N" />
	<TextField FIELDNAME="Phone1" DESCRIPTION="Número de teléfono" LENGTH="25" DECIMALS="0" DATA_TYPE="CHR" DATA_LEN="50" POSITION="Left" PROTECTED="N" HIDDEN="N" ZERO_FILL="N" ENCRYPT="N" />
	<TextField FIELDNAME="Fax" DESCRIPTION="Número de fax" LENGTH="25" DECIMALS="0" DATA_TYPE="CHR" DATA_LEN="50" POSITION="Left" PROTECTED="N" HIDDEN="N" ZERO_FILL="N" ENCRYPT="N" />
      </Panel>
      <Panel DESCRIPTION="Acceso a la Información" POSITION="Right Fill" HIDDEN="N">
	<Panel HIDDEN="N">
	  <CheckBox FIELDNAME="ActiveUser" DESCRIPTION="Usuario activo" POSITION="Left" ENCRYPT="N" />
	</Panel>
	<Panel HIDDEN="N">
	  <TextField FIELDNAME="GroupID" DESCRIPTION="Grupo de Usuarios" LENGTH="10" DECIMALS="0" DATA_TYPE="CHR" DATA_LEN="0" POSITION="Left" PROTECTED="N" HIDDEN="N" ZERO_FILL="N" ENCRYPT="N" LINK="UserAdmin120" PARAMETER="GroupID" />
	  <TextField FIELDNAME="LastChangeDate" DESCRIPTION="Última actualización" LENGTH="9" DECIMALS="0" DATA_TYPE="DAT" DATA_LEN="0" POSITION="Left" PROTECTED="N" HIDDEN="N" ZERO_FILL="N" ENCRYPT="N" />
	  <TextField FIELDNAME="InActiveDate" DESCRIPTION="Fecha inactivos" LENGTH="9" DECIMALS="0" DATA_TYPE="DAT" DATA_LEN="0" POSITION="Left" PROTECTED="N" HIDDEN="N" ZERO_FILL="N" ENCRYPT="N" />
	</Panel>
      </Panel>
    </TabItem>
    <TabItem DESCRIPTION="Grupos KeePass">
      <Panel FIELDNAME="Bundles" DESCRIPTION="Grupos KeePass Este usuario se encuentra en" POSITION="Left Fill" HIDDEN="N">
	<Table FIELDNAME="Table1" HEIGHT="10" WIDTH="15" POSITION="Left Fill">
	  <TableTextField FIELDNAME="cc" DESCRIPTION="KeePass Grupo" LENGTH="10" DECIMALS="0" DATA_TYPE="CHR" DATA_LEN="30" PROTECTED="N" ZERO_FILL="N" ENCRYPT="Y" ALIGNMENT="Center" LINK="KeePass018" PARAMETER="@aa" />
	  <TableTextField FIELDNAME="dd" DESCRIPTION="Descripción" LENGTH="25" DECIMALS="0" DATA_TYPE="CHR" DATA_LEN="30" PROTECTED="N" ZERO_FILL="N" ENCRYPT="Y" ALIGNMENT="Center" />
	  <TableCheckBox FIELDNAME="ee" DESCRIPTION="Activo" ENCRYPT="Y" />
	</Table>
      </Panel>
    </TabItem>
  </TabGroup>
  <Panel POSITION="Left Fill" HIDDEN="N">
    <Button FIELDNAME="pbndles" DESCRIPTION="Crear KeePass Grupo" POSITION="Left" LINK="KeePass017" METHOD_CLASS="server.Akin" METHOD="getBndList" />
  </Panel>
</SCRIPT>

