<?xml version="1.0" encoding="UTF-8"?>

<!--	 **Script Builder 4.0 - www.ossfree.net *  -->
<!--	 	 Script Name :  UserAdmin100 -->
<!--	 	 Description :  Edit User Groups -->
<!--	 	 Server Class :  webBoltOns.server.UserSecurityManager -->
<!--	 	 Initalization Method :   -->
<!--	 	 File Path :  /home/pjones/Projects/JavaProjects/WebKeepass/wkp/jakarta-tomcat-5.5.7/webapps/ROOT/XML/ENG/UserAdmin100.xml -->
<!--	 	 Last Update :  10-Aug-2010 -->
<!--	 	 User Profile:  root -->
<SCRIPT SCRIPT_NAME="UserAdmin100" DOCUMENT_TYPE="Window" CLASS_NAME="webBoltOns.server.UserSecurityManager" AUTO_REFRESH="false" ICON="WKPA.jpg" DESCRIPTION="Edición de grupos de usuarios" Screen_Title="Edit User Groups" WIDTH="1015" HEIGHT="680">
  <ButtonBar>
    <BarButton TYPE="CLEAR" DESCRIPTION="Claro" ICON="iClear.gif" />
    <BarButton TYPE="FIND" DESCRIPTION="Buscar-it!" ICON="iFind.gif" METHOD="getUserGroup" />
    <BarButton TYPE="PREV" DESCRIPTION="Anterior" ICON="iPrev.gif" METHOD="prvUserGroup" />
    <BarButton TYPE="NEXT" DESCRIPTION="Próximo" ICON="iNext.gif" METHOD="nxtUserGroup" />
    <BarButton TYPE="POST" DESCRIPTION="Agregar / actualizar" ICON="iEdit.gif" METHOD="updUserGroup" />
  </ButtonBar>
  <Panel POSITION="Left" HIDDEN="N">
    <TextField FIELDNAME="GroupID" DESCRIPTION="Grupo de Usuarios" LENGTH="8" DECIMALS="0" DATA_TYPE="CHR" DATA_LEN="0" POSITION="Left" PROTECTED="N" HIDDEN="N" ZERO_FILL="N" ENCRYPT="N" LINK="UserAdmin120" METHOD="getUserGroup" />
    <TextField FIELDNAME="GroupDescription" DESCRIPTION="Descripción" LENGTH="30" DECIMALS="0" DATA_TYPE="CHR" DATA_LEN="0" POSITION="Left" PROTECTED="N" HIDDEN="N" ZERO_FILL="N" ENCRYPT="N" />
  </Panel>
  <Panel DESCRIPTION="Lenguaje y Timeous" POSITION="Right Fill" HIDDEN="N">
    <ComboBox FIELDNAME="Language" DESCRIPTION="Lengua" LENGTH="5" DATA_TYPE="CHR" POSITION="Left" ENCRYPT="N">
      <ComboItem DESCRIPTION="ENG" DEFAULT_VALUE="ENG" />
      <ComboItem DESCRIPTION="FRN" DEFAULT_VALUE="FRN" />
      <ComboItem DESCRIPTION="DUT" DEFAULT_VALUE="DUT" />
      <ComboItem DESCRIPTION="FIN" DEFAULT_VALUE="FIN" />
      <ComboItem DESCRIPTION="RUS" DEFAULT_VALUE="RUS" />
      <ComboItem DESCRIPTION="SPN" DEFAULT_VALUE="SPN" />
      <ComboItem DESCRIPTION="GER" DEFAULT_VALUE="GER" />
      <ComboItem DESCRIPTION="DIT" DEFAULT_VALUE="ITL" />
    </ComboBox>
    <SpinnerField FIELDNAME="TimeOut" DESCRIPTION="Auto sesión después" LENGTH="4" DATA_LEN="5" POSITION="Left" ALIGNMENT="Left" />
  </Panel>
  <Panel DESCRIPTION="Niveles de menú de acceso" POSITION="Left Fill" HIDDEN="N">
    <MenuExplorer FIELDNAME="MenuStruct" HEIGHT="0" WIDTH="0">
      <TableTextField FIELDNAME="GroupItemDescription" DESCRIPTION="Menú de opciones" LENGTH="15" DECIMALS="0" DATA_TYPE="CHR" DATA_LEN="0" PROTECTED="N" ZERO_FILL="N" ENCRYPT="N" />
      <TableTextField FIELDNAME="MenuItem" DESCRIPTION="Nombre del menú" LENGTH="10" DECIMALS="0" DATA_TYPE="CHR" DATA_LEN="0" PROTECTED="Y" ZERO_FILL="N" ENCRYPT="N" />
      <TableTextField FIELDNAME="Type" DESCRIPTION="Menú tipo" LENGTH="10" DECIMALS="0" DATA_TYPE="CHR" DATA_LEN="0" PROTECTED="Y" ZERO_FILL="N" ENCRYPT="N" ALIGNMENT="Center" />
      <TableComboBox FIELDNAME="AccessLevel" DESCRIPTION="Acceso" LENGTH="10" PROTECTED="N" ENCRYPT="N" ALIGNMENT="Left">
	<ComboItem DESCRIPTION="Sin acceso" />
	<ComboItem DESCRIPTION="Sólo la investigación" />
	<ComboItem DESCRIPTION="Consulta / actualización de la" />
      </TableComboBox>
    </MenuExplorer>
    <Panel POSITION="Left" HIDDEN="N">
      <Button FIELDNAME="MenuItem" DESCRIPTION="Edición de Guión" POSITION="Left" LINK="UserAdmin150" METHOD="getScriptLink" />
    </Panel>
  </Panel>
  <Panel DESCRIPTION="Niveles de Grupo de Acceso" POSITION="Right Fill" HIDDEN="N">
    <Panel HIDDEN="N">
      <CheckBox FIELDNAME="ActiveGroup" DESCRIPTION="Grupo activo" POSITION="Left" ENCRYPT="N" />
      <CheckBox FIELDNAME="Administrator" DESCRIPTION="Administrador de acceso" POSITION="Left" ENCRYPT="N" />
      <CheckBox FIELDNAME="DeskTopTheme" DESCRIPTION="Mesa de Acceso Temático Inicio" POSITION="Left" ENCRYPT="N" />
      <CheckBox FIELDNAME="TipAccess" DESCRIPTION="Consejos guión" POSITION="Left" ENCRYPT="N" />
      <CheckBox FIELDNAME="CopyAccess" DESCRIPTION="Copia tabla de Access" POSITION="Left" ENCRYPT="N" />
      <CheckBox FIELDNAME="PrintAccess" DESCRIPTION="Imprimir tabla de Access" POSITION="Left" ENCRYPT="N" />
    </Panel>
    <Panel HIDDEN="N">
      <TextField FIELDNAME="MenuXML" DESCRIPTION="Menu XML" LENGTH="10" DECIMALS="0" DATA_TYPE="CHR" DATA_LEN="0" POSITION="Left" PROTECTED="N" HIDDEN="N" ZERO_FILL="N" ENCRYPT="N" LINK="UserAdmin190" PARAMETER="@ScriptFileName" />
      <TextField FIELDNAME="DateFormat" DESCRIPTION="Formato de fecha" LENGTH="9" DECIMALS="0" DATA_TYPE="CHR" DATA_LEN="0" POSITION="Left" PROTECTED="N" HIDDEN="N" ZERO_FILL="N" ENCRYPT="N" />
      <TextField FIELDNAME="LastChangeDate" DESCRIPTION="Última actualización" LENGTH="9" DECIMALS="0" DATA_TYPE="DAT" DATA_LEN="0" POSITION="Left" PROTECTED="N" HIDDEN="N" ZERO_FILL="N" ENCRYPT="N" />
      <TextField FIELDNAME="InActiveDate" DESCRIPTION="Fecha inactivos" LENGTH="9" DECIMALS="0" DATA_TYPE="DAT" DATA_LEN="0" POSITION="Left" PROTECTED="N" HIDDEN="N" ZERO_FILL="N" ENCRYPT="N" />
      <TextField FIELDNAME="ActiveDate" DESCRIPTION="Fecha de activos" LENGTH="9" DECIMALS="0" DATA_TYPE="DAT" DATA_LEN="0" POSITION="Left" PROTECTED="N" HIDDEN="N" ZERO_FILL="N" ENCRYPT="N" />
      <ComboBox FIELDNAME="AccessMethod" DESCRIPTION="Servidor Acccess" LENGTH="4" DATA_TYPE="CHR" POSITION="Left" ENCRYPT="N">
	<ComboItem DESCRIPTION="HTTP" />
	<ComboItem DESCRIPTION="RMI" />
	<ComboItem DESCRIPTION="SOCKET" />
      </ComboBox>
    </Panel>
  </Panel>
</SCRIPT>

