<?xml version="1.0" encoding="UTF-8"?>

<!--	 **Script Builder 4.0 - www.ossfree.net *  -->
<!--	 	 Script Name :  UserAdmin150 -->
<!--	 	 Description :  Edit Screen  -->
<!--	 	 Server Class :  webBoltOns.server.DevelopmentTools -->
<!--	 	 Initalization Method :   -->
<!--	 	 File Path :  /home/pjones/Projects/JavaProjects/WebKeepass/wkp/jakarta-tomcat-5.5.7/webapps/ROOT/XML/ENG/UserAdmin150.xml -->
<!--	 	 Last Update :  25-Nov-2010 -->
<!--	 	 User Profile:  root -->
<SCRIPT SCRIPT_NAME="UserAdmin150" DOCUMENT_TYPE="Window" CLASS_NAME="webBoltOns.server.DevelopmentTools" AUTO_REFRESH="false" ICON="icon.jpg" DESCRIPTION="Pantalla de edición" Screen_Title="Edit Screen " WIDTH="680" HEIGHT="650">
  <ButtonBar>
    <BarButton TYPE="CLEAR" DESCRIPTION="Claro" ICON="iClear.gif" />
    <BarButton TYPE="FIND" DESCRIPTION="Carga" ICON="iFind.gif" METHOD="getScriptDetails" />
    <BarButton TYPE="POST" DESCRIPTION="Ahorrar" ICON="iEdit.gif" METHOD="saveScriptDetails" />
  </ButtonBar>
  <Panel POSITION="Left" HIDDEN="N">
    <TextField FIELDNAME="ScriptID" DESCRIPTION="Nombre del guión" LENGTH="10" DECIMALS="0" DATA_TYPE="CHR" DATA_LEN="0" POSITION="Left" PROTECTED="N" HIDDEN="N" ZERO_FILL="N" ENCRYPT="N" LINK="UserAdmin190" PARAMETER="@ScriptFileName" METHOD="getScriptDetails" />
    <SpinnerField FIELDNAME="Wdth" DESCRIPTION="Ancho de la pantalla" LENGTH="7" DATA_LEN="0" POSITION="Right" />
    <TextField FIELDNAME="DescID" DESCRIPTION="Descripción" LENGTH="25" DECIMALS="0" DATA_TYPE="CHR" DATA_LEN="0" POSITION="Left" PROTECTED="N" HIDDEN="N" ZERO_FILL="N" ENCRYPT="N" />
    <SpinnerField FIELDNAME="Hght" DESCRIPTION="Altura" LENGTH="7" DATA_LEN="0" POSITION="Right" />
    <CheckBox FIELDNAME="aFresh" DESCRIPTION="Refrescar" ENCRYPT="N" />
    <TextField FIELDNAME="ClassID" DESCRIPTION="Class Server" LENGTH="25" DECIMALS="0" DATA_TYPE="CHR" DATA_LEN="0" POSITION="Left" PROTECTED="N" HIDDEN="N" ZERO_FILL="N" ENCRYPT="N" />
    <TextField FIELDNAME="MethodID" DESCRIPTION="Método de inicio" LENGTH="20" DECIMALS="0" DATA_TYPE="CHR" DATA_LEN="0" POSITION="Right" PROTECTED="N" HIDDEN="N" ZERO_FILL="N" ENCRYPT="N" />
    <TextField FIELDNAME="aIcon" DESCRIPTION="Icono" LENGTH="20" DECIMALS="0" DATA_TYPE="CHR" DATA_LEN="0" POSITION="Right" PROTECTED="N" HIDDEN="N" ZERO_FILL="N" ENCRYPT="N" />
  </Panel>
  <Panel POSITION="Left" HIDDEN="N">
    <ScriptEditor FIELDNAME="SEditor" HEIGHT="470" />
  </Panel>
</SCRIPT>

