<?xml version="1.0" encoding="UTF-8"?>

<Literals>
  <Literal LiteralID = "SVR0001"  Text="Erreur de base de données - Base de données d erreur - S il vous plaît contactez l administrateur de systèmes"  Severity="30" Type="MessageBar"/>

  <Literal LiteralID = "SVR0002"  Text="Demande Serveur Terminé" Severity="00" Type="Pop-Up" />

  <Literal LiteralID = "SVR0003"  Text="Demande pas complète: Erreurs revue ci-dessous" Severity="00" Type="Pop-Up" /> 
  
  <Literal LiteralID = "SVR0004"  Text="Classe introuvable - S il vous plaît contactez l administrateur de systèmes"  Severity="30" Type="MessageBar" />

  <Literal LiteralID = "SVR0005"  Text="Exception Server Security - S il vous plaît contactez l administrateur de systèmes"  Severity="30" Type="MessageBar" />
  
  <Literal LiteralID = "SVR0006"  Text="Méthode introuvable - S il vous plaît contactez l administrateur de systèmes"   Severity="30" Type="MessageBar" />

  <Literal LiteralID = "SVR0007"  Text="Erreur Instanciation - S il vous plaît contactez l administrateur de systèmes"  Severity="30" Type="MessageBar" />
	
  <Literal LiteralID = "SVR0008"  Text="Security Server Error-S il vous plaît contactez l administrateur de systèmes"  Severity="30" Type="MessageBar" />

  <Literal LiteralID = "SVR0009"  Text="Invocation Target / Erreur Piège Stack - S il vous plaît contactez l administrateur de systèmes"  Severity="30" Type="MessageBar" />

  <Literal LiteralID = "SVR0011"  Text="Menu Fichier introuvable"  Severity="30" Type="MessageBar" /> 
  
  <Literal LiteralID = "SVR0012"  Text="Menu Fichier XML Erreur d analyse"  Severity="30" Type="MessageBar" />			
			
  <Literal LiteralID = "SVR0014"  Text="Menu Fichier Erreur E / S"  Severity="30" Type="MessageBar" />
  
  <Literal LiteralID = "SVR0015"  Text="Script introuvable - S il vous plaît contactez l administrateur de systèmes"  Severity="30" Type="MessageBar" /> 

  <Literal LiteralID = "SVR0016"  Text="Erreur d analyse XML Script - S il vous plaît contactez l administrateur de systèmes"  Severity="30" Type="MessageBar" /> 
  
  <Literal LiteralID = "SVR0017"  Text="Erreur fichier de script - S il vous plaît contactez l administrateur de systèmes"  Severity="30" Type="MessageBar" /> 





  <Literal LiteralID = "LIT0001"  Text="Produit introuvable - Nouvelle entrée"  Severity="10" Type="MessageBar"/>

  <Literal LiteralID = "LIT0002"  Text="Produit introuvable - A la fin du fichier"   Severity="30" Type="MessageBar"/>

  <Literal LiteralID = "LIT0003"  Text="Produit introuvable - Au début du fichier"  Severity="30" Type="MessageBar" />

  <Literal LiteralID = "LIT0004"  Text="Mise à jour Produit" Severity="00" Type="MessageBar" />

  <Literal LiteralID = "LIT0005"  Text="Élément ajouté"  Severity="00" Type="MessageBar"/>

  <Literal LiteralID = "LIT0006"  Text="Article (s) Supprimé"  Severity="00" Type="MessageBar"/>
 
  <Literal LiteralID = "LIT0007"  Text="Erreur base de données - S il vous plaît contactez l administrateur de systèmes"  Severity="30" Type="MessageBar"/>

  <Literal LiteralID = "LIT0008"  Text="Produit exporté"  Severity="00" Type="MessageBar"/>

  <Literal LiteralID = "LIT0009"  Text="Article importé"  Severity="00" Type="MessageBar"/>
 
  <Literal LiteralID = "LIT0010"  Text="Script introuvable"  Severity="30" Type="MessageBar"/>

  <Literal LiteralID = "LIT0011"  Text="Produit introuvable"  Severity="30" Type="MessageBar"/>
 
  <Literal LiteralID = "LIT0012"  Text="Invalid ID Groupe"  Severity="30" Type="MessageBar"/>

  <Literal LiteralID = "LIT0013"  Text="Accès serveur invalide"  Severity="30" Type="MessageBar"/>

  <Literal LiteralID = "LIT0014"  Text="Format de date non valide"  Severity="30" Type="MessageBar"/>

  <Literal LiteralID = "LIT0015"  Text="Invalide Menu Fichier XML"  Severity="30" Type="MessageBar"/>

 
  <Literal LiteralID = "WKP0001"  Text="Utilisateur Web valide / Groupe"  Severity="30" Type="MessageBar"/>
 
  <Literal LiteralID = "WKP0002"  Text="Produit Mot de passe non valide"  Severity="30" Type="MessageBar"/>
 
  <Literal LiteralID = "WKP0003"  Text="Groupe KeePass invalide ou-actif"  Severity="30" Type="MessageBar"/>
  
  <Literal LiteralID = "WKP0004"  Text="ID Mot de passe est des blancs"  Severity="30" Type="MessageBar"/>



  <Literal LiteralID = "OSS0001"  Text="Solutions Java pour les applications d entreprise" Severity="00" Type="MessageText"/>

  <Literal LiteralID = "OSS0002"  Text="Une autre application gratuite en:" Severity="00" Type="MessageText"/>


  <Literal LiteralID = "UAD0110"  Text="Utilisateur Web Edition"  Severity="00" Type="MessageText"/>

  <Literal LiteralID = "UAD0130"  Text="Profils des utilisateurs Web"  Severity="00" Type="MessageText"/>

  <Literal LiteralID = "UAD0100"  Text="Modifier un groupe utilisateur Web"  Severity="00" Type="MessageText"/>

  <Literal LiteralID = "UAD0120"  Text="Profils Web User Group"  Severity="00" Type="MessageText"/>

  <Literal LiteralID = "UAD0150"  Text="Modifier le script"  Severity="00" Type="MessageText"/>

  <Literal LiteralID = "UAD0160"  Text="Edit Menu"  Severity="00" Type="MessageText"/>

  <Literal LiteralID = "UAD0190"  Text="Profils Script"  Severity="00" Type="MessageText"/>




  <Literal LiteralID = "MTH0001"  Text="Janvier"  Severity="00" Type="MessageText"/>

  <Literal LiteralID = "MTH0002"  Text="Février"  Severity="00" Type="MessageText"/>

  <Literal LiteralID = "MTH0003"  Text="Mars"  Severity="00" Type="MessageText"/>

  <Literal LiteralID = "MTH0004"  Text="Avril"  Severity="00" Type="MessageText"/>

  <Literal LiteralID = "MTH0005"  Text="Mai"  Severity="00" Type="MessageText"/>

  <Literal LiteralID = "MTH0006"  Text="Juin"  Severity="00" Type="MessageText"/>

  <Literal LiteralID = "MTH0007"  Text="Juillet"  Severity="00" Type="MessageText"/>

  <Literal LiteralID = "MTH0008"  Text="Août"  Severity="00" Type="MessageText"/>

  <Literal LiteralID = "MTH0009"  Text="Septembre"  Severity="00" Type="MessageText"/>

  <Literal LiteralID = "MTH0010"  Text="Octobre"  Severity="00" Type="MessageText"/>

  <Literal LiteralID = "MTH0011"  Text="Novembre"  Severity="00" Type="MessageText"/>

  <Literal LiteralID = "MTH0012"  Text="Décembre"  Severity="00" Type="MessageText"/>




  <Literal LiteralID = "PWD0001"  Text="Lettres Haute et Basse"  Severity="00" Type="MessageText"/>

  <Literal LiteralID = "PWD0002"  Text="Basse Lettres"  Severity="00" Type="MessageText"/>

  <Literal LiteralID = "PWD0003"  Text="Basse lettres et chiffres"  Severity="00" Type="MessageText"/>

  <Literal LiteralID = "PWD0004"  Text="Lettres majuscules et minuscules et des chiffres"  Severity="00" Type="MessageText"/>

  <Literal LiteralID = "PWD0005"  Text="Tous les caractères imprimables"  Severity="00" Type="MessageText"/>

  <Literal LiteralID = "PWD0006"  Text="Lettres majuscules"  Severity="00" Type="MessageText"/>

  <Literal LiteralID = "PWD0007"  Text="Lettres majuscules et chiffres"  Severity="00" Type="MessageText"/>



  <Literal LiteralID = "TXT0001"  Text="OK" Severity="00" Type="MessageText"/>

  <Literal LiteralID = "TXT0002"  Text="Sélectionnez Couleur"  Severity="00" Type="MessageText"/>

  <Literal LiteralID = "TXT0003"  Text="Sélectionnez Date"  Severity="00" Type="MessageText"/>

  <Literal LiteralID = "TXT0004"  Text="Aujourd hui"  Severity="00" Type="MessageText"/>

  <Literal LiteralID = "TXT0005"  Text="Calculatrice"  Severity="00" Type="MessageText"/>

  <Literal LiteralID = "TXT0006"  Text="Valeur de retour"  Severity="00" Type="MessageText"/>

  <Literal LiteralID = "TXT0007"  Text="Sélectionnez Police"  Severity="00" Type="MessageText"/>

  <Literal LiteralID = "TXT0008"  Text="Couleur de police"  Severity="00" Type="MessageText"/>

  <Literal LiteralID = "TXT0009"  Text="Exemple de texte"  Severity="00" Type="MessageText"/>

  <Literal LiteralID = "TXT0010"  Text="Aperçu"  Severity="00" Type="MessageText"/>

  <Literal LiteralID = "TXT0011"  Text="Confirmation de la suppression"  Severity="00" Type="MessageText"/>

  <Literal LiteralID = "TXT0012"  Text="Supprimer les éléments sélectionnés?"  Severity="00" Type="MessageText"/>

  <Literal LiteralID = "TXT0013"  Text="Oui"  Severity="00" Type="MessageText"/>

  <Literal LiteralID = "TXT0014"  Text="Aucun"  Severity="00" Type="MessageText"/>

  <Literal LiteralID = "TXT0015"  Text="Session Time Out"  Severity="00" Type="MessageText"/>

  <Literal LiteralID = "TXT0016"  Text="Votre session se terminent maintenant"  Severity="00" Type="MessageText"/>

  <Literal LiteralID = "TXT0017"  Text="Log-Out"  Severity="00" Type="MessageText"/>

  <Literal LiteralID = "TXT0018"  Text="Déconnexion de confirmation"  Severity="00" Type="MessageText"/>

  <Literal LiteralID = "TXT0019"  Text="Déconnexion de cette session?"  Severity="00" Type="MessageText"/>

  <Literal LiteralID = "TXT0020"  Text="Respecter la casse"  Severity="00" Type="MessageText"/>

  <Literal LiteralID = "TXT0021"  Text="Mots entiers uniquement"  Severity="00" Type="MessageText"/>

  <Literal LiteralID = "TXT0022"  Text="Recherche bas"  Severity="00" Type="MessageText"/>
 
  <Literal LiteralID = "TXT0023"  Text="Les options"  Severity="00" Type="MessageText"/>

  <Literal LiteralID = "TXT0024"  Text="Remplacer:"  Severity="00" Type="MessageText"/>

  <Literal LiteralID = "TXT0025"  Text="Mots entiers uniquement"  Severity="00" Type="MessageText"/>

  <Literal LiteralID = "TXT0026"  Text="Recherche place"  Severity="00" Type="MessageText"/>

  <Literal LiteralID = "TXT0027"  Text="Rechercher la chaîne de recherche"  Severity="00" Type="MessageText"/>

  <Literal LiteralID = "TXT0028"  Text="Chaîne de remplacement"  Severity="00" Type="MessageText"/>
  
  <Literal LiteralID = "TXT0029"  Text="Remplacer tout"  Severity="00" Type="MessageText"/>

  <Literal LiteralID = "TXT0030"  Text="Rechercher / Remplacer"  Severity="00" Type="MessageText"/>

  <Literal LiteralID = "TXT0031"  Text="Demande Réseau"  Severity="00" Type="MessageText"/>

  <Literal LiteralID = "TXT0032"  Text="Entrée non valide sur le terrain"  Severity="00" Type="MessageText"/>

  <Literal LiteralID = "TXT0033"  Text="Confirmation de demande"  Severity="00" Type="MessageText"/>

  <Literal LiteralID = "TXT0034"  Text="Un mot d avertissement"  Severity="00" Type="MessageText"/>

  <Literal LiteralID = "TXT0035"  Text="Nom d utilisateur:"  Severity="00" Type="MessageText"/>

  <Literal LiteralID = "TXT0036"  Text="Mot de passe:"  Severity="00" Type="MessageText"/>

  <Literal LiteralID = "TXT0038"  Text="Connexion au serveur Reset-réessayer plus tard"  Severity="00" Type="MessageText"/>

  <Literal LiteralID = "TXT0039"  Text="Erreur HTTP"  Severity="00" Type="MessageText"/>

  <Literal LiteralID = "TXT0040"  Text="Mot de passe Demande de changement"  Severity="00" Type="MessageText"/>

  <Literal LiteralID = "TXT0041"  Text="Changer mon mot de passe"  Severity="00" Type="MessageText"/>

  <Literal LiteralID = "TXT0042"  Text="Mot de passe ne peuvent pas être blancs"  Severity="00" Type="MessageText"/>

  <Literal LiteralID = "TXT0043"  Text="Nouveau mot de passe non valide"  Severity="00" Type="MessageText"/>

  <Literal LiteralID = "TXT0044"  Text="Informations sur le serveur"  Severity="00" Type="MessageText"/>

  <Literal LiteralID = "TXT0045"  Text="Connexions ouvertes:"  Severity="00" Type="MessageText"/>

  <Literal LiteralID = "TXT0046"  Text="Objets:"  Severity="00" Type="MessageText"/>

  <Literal LiteralID = "TXT0047"  Text="Menu XML:"  Severity="00" Type="MessageText"/>

  <Literal LiteralID = "TXT0048"  Text="Format de date:"  Severity="00" Type="MessageText"/>

  <Literal LiteralID = "TXT0049"  Text="Accès Servlet:" Severity="00" Type="MessageText"/>

  <Literal LiteralID = "TXT0050"  Text="Journaux Servlet:" Severity="00" Type="MessageText"/>

  <Literal LiteralID = "TXT0051"  Text="Connexion serveur View" Severity="00" Type="MessageText"/>

  <Literal LiteralID = "TXT0052"  Text="Sécurité utilisateur et Modifier XML" Severity="00" Type="MessageText"/>

  <Literal LiteralID = "TXT0053"  Text="Outils" Severity="00" Type="MessageText"/>
 
  <Literal LiteralID = "TXT0054"  Text="Déconnexion" Severity="00" Type="MessageText"/>

  <Literal LiteralID = "TXT0055"  Text="Presse-papiers effacé dans:" Severity="00" Type="MessageText"/>

  <Literal LiteralID = "TXT0056"  Text="Set de Split"  Severity="00" Type="MessageText"/>

  <Literal LiteralID = "TXT0057"  Text="Utilisateur:"  Severity="00" Type="MessageText"/>

  <Literal LiteralID = "TXT0058"  Text="Date:"  Severity="00" Type="MessageText"/>

  <Literal LiteralID = "TXT0059"  Text="Personnaliser Desk Top"  Severity="00" Type="MessageText"/>

  <Literal LiteralID = "TXT0060"  Text="Couleur"  Severity="00" Type="MessageText"/>

  <Literal LiteralID = "TXT0061"  Text="Font"  Severity="00" Type="MessageText"/>

  <Literal LiteralID = "TXT0062"  Text="Contexte:"  Severity="00" Type="MessageText"/>

  <Literal LiteralID = "TXT0063"  Text="Std police:"  Severity="00" Type="MessageText"/>

  <Literal LiteralID = "TXT0064"  Text="Font Barre de titre:"  Severity="00" Type="MessageText"/>

  <Literal LiteralID = "TXT0065"  Text="Police du titre:"  Severity="00" Type="MessageText"/>

  <Literal LiteralID = "TXT0066"  Text="Barre de titre:"  Severity="00" Type="MessageText"/>

  <Literal LiteralID = "TXT0067"  Text="Curseur:"  Severity="00" Type="MessageText"/>

  <Literal LiteralID = "TXT0068"  Text="Bureau Enregistrer"  Severity="00" Type="MessageText"/>

  <Literal LiteralID = "TXT0069"  Text="Changer mon mot de passe"  Severity="00" Type="MessageText"/>

  <Literal LiteralID = "TXT0070"  Text="Mot de passe actuel:"  Severity="00" Type="MessageText"/>

  <Literal LiteralID = "TXT0071"  Text="Nouveau mot de passe:"  Severity="00" Type="MessageText"/>

  <Literal LiteralID = "TXT0072"  Text="Répéter nouveau mot de passe:"  Severity="00" Type="MessageText"/>

  <Literal LiteralID = "TXT0073"  Text="Changer mot de passe"  Severity="00" Type="MessageText"/>

  <Literal LiteralID = "TXT0074"  Text="Démarrer les tâches administratives"  Severity="00" Type="MessageText"/>

  <Literal LiteralID = "TXT0075"  Text="À propos"  Severity="00" Type="MessageText"/>
 
  <Literal LiteralID = "TXT0076"  Text="Changer mon mot de passe"  Severity="00" Type="MessageText"/>

  <Literal LiteralID = "TXT0077"  Text="Thèmes de bureau"  Severity="00" Type="MessageText"/>

  <Literal LiteralID = "TXT0078"  Text="Détails Script"  Severity="00" Type="MessageText"/>
 
  <Literal LiteralID = "TXT0079"  Text="Fenêtre Dock"  Severity="00" Type="MessageText"/>

  <Literal LiteralID = "TXT0080"  Text="Nom d écran:"  Severity="00" Type="MessageText"/>

  <Literal LiteralID = "TXT0081"  Text="Les touches de commande:"  Severity="00" Type="MessageText"/>

  <Literal LiteralID = "TXT0082"  Text="Titre:"  Severity="00" Type="MessageText"/>

  <Literal LiteralID = "TXT0083"  Text="Classe Servlet:" Severity="00" Type="MessageText"/>

  <Literal LiteralID = "TXT0084"  Text="Largeur:" Severity="00" Type="MessageText"/>

  <Literal LiteralID = "TXT0085"  Text="F3 = Exit" Severity="00" Type="MessageText"/>

  <Literal LiteralID = "TXT0086"  Text="Hauteur:" Severity="00" Type="MessageText"/>

  <Literal LiteralID = "TXT0087"  Text="F4 = Invite" Severity="00" Type="MessageText"/>

  <Literal LiteralID = "TXT0088"  Text="Objets de l écran total:" Severity="00" Type="MessageText"/>

  <Literal LiteralID = "TXT0089"  Text="F5 = le contenu des messages" Severity="00" Type="MessageText"/>

  <Literal LiteralID = "TXT0090"  Text="Montrer Conseils script:" Severity="00" Type="MessageText"/>

  <Literal LiteralID = "TXT0091"  Text="Annuler" Severity="00" Type="MessageText"/>

  <Literal LiteralID = "TXT0092"  Text="Demande pas complète: Erreurs revue ci-dessous" Severity="00" Type="MessageText"/>

  <Literal LiteralID = "TXT0093"  Text="Demande Serveur Terminé" Severity="00" Type="MessageText"/>

  <Literal LiteralID = "TXT0094"  Text="doit être numérique" Severity="00" Type="MessageText"/>

  <Literal LiteralID = "TXT0095"  Text="doit être une date valide" Severity="00" Type="MessageText"/>

  <Literal LiteralID = "TXT0096"  Text="doit être un temps valide" Severity="00" Type="MessageText"/>

  <Literal LiteralID = "TXT0097"  Text="Trouver la prochaine" Severity="00" Type="MessageText"/>

  <Literal LiteralID = "TXT0098"  Text="Le fichier ne peut pas être importé" Severity="00" Type="MessageText"/>

  <Literal LiteralID = "TXT0099"  Text="Détails" Severity="00" Type="MessageText"/>
  
  <Literal LiteralID = "TXT0100"  Text="Icônes" Severity="00" Type="MessageText"/>

  <Literal LiteralID = "TXT0101"  Text="Importer un document" Severity="00" Type="MessageText"/>

  <Literal LiteralID = "TXT0102"  Text="Voir le document" Severity="00" Type="MessageText"/>

  <Literal LiteralID = "TXT0103"  Text="Supprimer le document" Severity="00" Type="MessageText"/>
 
  <Literal LiteralID = "TXT0104"  Text="Parcourir" Severity="00" Type="MessageText"/>

  <Literal LiteralID = "TXT0105"  Text="Fichier non trouvé" Severity="00" Type="MessageText"/>

  <Literal LiteralID = "TXT0106"  Text="Le fichier ne peut être sauvé" Severity="00" Type="MessageText"/>

  <Literal LiteralID = "TXT0107"  Text="Importer" Severity="00" Type="MessageText"/>

  <Literal LiteralID = "TXT0108"  Text="Exporter" Severity="00" Type="MessageText"/>

  <Literal LiteralID = "TXT0109"  Text="Format de fichier non correcte" Severity="00" Type="MessageText"/>

  <Literal LiteralID = "TXT0110"  Text="afficher / cacher le mot de passe" Severity="00" Type="MessageText"/>

  <Literal LiteralID = "TXT0111"  Text="Créer le mot de passe" Severity="00" Type="MessageText"/>

  <Literal LiteralID = "TXT0112"  Text="Comme" Severity="00" Type="MessageText"/>

  <Literal LiteralID = "TXT0113"  Text="Commence par" Severity="00" Type="MessageText"/>

  <Literal LiteralID = "TXT0114"  Text="Termine par" Severity="00" Type="MessageText"/>

  <Literal LiteralID = "TXT0115"  Text="Moins de" Severity="00" Type="MessageText"/>

  <Literal LiteralID = "TXT0116"  Text="Grand, puis" Severity="00" Type="MessageText"/>

  <Literal LiteralID = "TXT0117"  Text="Égal à" Severity="00" Type="MessageText"/>

  <Literal LiteralID = "TXT0118"  Text="Pas égal à" Severity="00" Type="MessageText"/>

  <Literal LiteralID = "TXT0119"  Text="Imprimer" Severity="00" Type="MessageText"/>
 
  <Literal LiteralID = "TXT0120"  Text="Copier tableau dans le presse papier" Severity="00" Type="MessageText"/>

  <Literal LiteralID = "TXT0121"  Text="Couper" Severity="00" Type="MessageText"/>
 
  <Literal LiteralID = "TXT0122"  Text="Copie" Severity="00" Type="MessageText"/>

  <Literal LiteralID = "TXT0123"  Text="Coller" Severity="00" Type="MessageText"/>

  <Literal LiteralID = "TXT0124"  Text="Source" Severity="00" Type="MessageText"/>

  <Literal LiteralID = "TXT0125"  Text="Document d exportation" Severity="00" Type="MessageText"/>

  <Literal LiteralID = "TXT0126"  Text="Rechercher et remplacer" Severity="00" Type="MessageText"/>

  <Literal LiteralID = "TXT0127"  Text="Thèmes de bureau" Severity="00" Type="MessageText"/>

  <Literal LiteralID = "TXT0128"  Text="Fenêtre F1 Dock =" Severity="00" Type="MessageText"/>

  <Literal LiteralID = "TXT0129"  Text="F2 = Sélectionnez Menu" Severity="00" Type="MessageText"/>
  
  <Literal LiteralID = "TXT0130"  Text="Modifier Robot" Severity="00" Type="MessageText"/>

  <Literal LiteralID = "TXT0131"  Text="Robot Effacer" Severity="00" Type="MessageText"/>

  <Literal LiteralID = "TXT0132"  Text="Run Robot" Severity="00" Type="MessageText"/>

  <Literal LiteralID = "TXT0133"  Text="Insérez User Id" Severity="00" Type="MessageText"/>
  
  <Literal LiteralID = "TXT0134"  Text="Insérez Identifiant Mot de passe" Severity="00" Type="MessageText"/>

  <Literal LiteralID = "TXT0135"  Text="Insérez Mot de passe" Severity="00" Type="MessageText"/>
  
  <Literal LiteralID = "TXT0136"  Text="Insérer une adresse courriel" Severity="00" Type="MessageText"/>
 
  <Literal LiteralID = "TXT0137"  Text="Insérez touche de tabulation"  Severity="00" Type="MessageText"/>

  <Literal LiteralID = "TXT0138"  Text="Insérez délai de 2 secondes"  Severity="00" Type="MessageText"/>

  <Literal LiteralID = "TXT0139"  Text="Insérez retard de 5 secondes"  Severity="00" Type="MessageText"/>

  <Literal LiteralID = "TXT0140"  Text="Insérez délai de 10 secondes"  Severity="00" Type="MessageText"/>

  <Literal LiteralID = "TXT0141"  Text="Insérer Délai de 20 secondes"  Severity="00" Type="MessageText"/>

  <Literal LiteralID = "TXT0142"  Text="Insérez Entrer la clé"  Severity="00" Type="MessageText"/>
  
  <Literal LiteralID = "TXT0143"  Text="Site Web de charge"  Severity="00" Type="MessageText"/>

  <Literal LiteralID = "TXT0144"  Text="Charge Alt-Site Web"  Severity="00" Type="MessageText"/>

  <Literal LiteralID = "TXT0145"  Text="Exécuter le programme"  Severity="00" Type="MessageText"/>
  
  <Literal LiteralID = "TXT0146"  Text="Insérez Retour touche de tabulation"  Severity="00" Type="MessageText"/>

  <Literal LiteralID = "TXT0147"  Text="Insérez clés Accueil"  Severity="00" Type="MessageText"/> 

</Literals>

