<?xml version="1.0" encoding="UTF-8"?>

<Literals>
  <Literal LiteralID = "SVR0001"  Text="Base de données d erreur - Erreur de base de données - S il vous plaît contacter l administrateur des systèmes"  Severity="30" Type="MessageBar"/>

  <Literal LiteralID = "SVR0002"  Text="Demande Server Terminé" Severity="00" Type="Pop-Up" />

  <Literal LiteralID = "SVR0003"  Text="Demande pas complète: les erreurs d examen ci-dessous" Severity="00" Type="Pop-Up" /> 
  
  <Literal LiteralID = "SVR0004"  Text="Classe introuvable - S il vous plaît contacter l administrateur des systèmes"  Severity="30" Type="MessageBar" />

  <Literal LiteralID = "SVR0005"  Text="Server Security Exception - S il vous plaît contacter l administrateur des systèmes"  Severity="30" Type="MessageBar" />
  
  <Literal LiteralID = "SVR0006"  Text="Method Not Found - S il vous plaît contacter l administrateur des systèmes"   Severity="30" Type="MessageBar" />

  <Literal LiteralID = "SVR0007"  Text="Erreur lors de l instanciation - S il vous plaît contacter l administrateur des systèmes"  Severity="30" Type="MessageBar" />
	
  <Literal LiteralID = "SVR0008"  Text="Security Server Error-S il vous plaît contacter l administrateur des systèmes"  Severity="30" Type="MessageBar" />

  <Literal LiteralID = "SVR0009"  Text="Invocation Target / Stack Trap Erreur - S il vous plaît contacter l administrateur des systèmes"  Severity="30" Type="MessageBar" />

  <Literal LiteralID = "SVR0011"  Text="Menu Fichier introuvable"  Severity="30" Type="MessageBar" /> 
  
  <Literal LiteralID = "SVR0012"  Text="Menu Fichier Erreur d analyse XML"  Severity="30" Type="MessageBar" />			
			
  <Literal LiteralID = "SVR0014"  Text="Menu Fichier Erreur E / S"  Severity="30" Type="MessageBar" />
  
  <Literal LiteralID = "SVR0015"  Text="Script introuvable - S il vous plaît contacter l administrateur des systèmes"  Severity="30" Type="MessageBar" /> 

  <Literal LiteralID = "SVR0016"  Text="Script XML Parse Error - S il vous plaît contacter l administrateur des systèmes"  Severity="30" Type="MessageBar" /> 
  
  <Literal LiteralID = "SVR0017"  Text="Erreur de fichier Script - S il vous plaît contacter l administrateur des systèmes"  Severity="30" Type="MessageBar" /> 





  <Literal LiteralID = "LIT0001"  Text="Point Not Found - Nouvelle entrée"  Severity="10" Type="MessageBar"/>

  <Literal LiteralID = "LIT0002"  Text="Point Not Found - A la fin du fichier"   Severity="30" Type="MessageBar"/>

  <Literal LiteralID = "LIT0003"  Text="Point Not Found - Au début du fichier"  Severity="30" Type="MessageBar" />

  <Literal LiteralID = "LIT0004"  Text="Point Mise à jour" Severity="00" Type="MessageBar" />

  <Literal LiteralID = "LIT0005"  Text="Point ajouté"  Severity="00" Type="MessageBar"/>

  <Literal LiteralID = "LIT0006"  Text="Point (s) Supprimé"  Severity="00" Type="MessageBar"/>
 
  <Literal LiteralID = "LIT0007"  Text="Erreur base de données - S il vous plaît contacter l administrateur des systèmes"  Severity="30" Type="MessageBar"/>

  <Literal LiteralID = "LIT0008"  Text="Point exportés"  Severity="00" Type="MessageBar"/>

  <Literal LiteralID = "LIT0009"  Text="Point importés"  Severity="00" Type="MessageBar"/>
 
  <Literal LiteralID = "LIT0010"  Text="Script Not Found"  Severity="30" Type="MessageBar"/>

  <Literal LiteralID = "LIT0011"  Text="Point Not Found"  Severity="30" Type="MessageBar"/>
 
  <Literal LiteralID = "LIT0012"  Text="Groupe ID Blancs"  Severity="30" Type="MessageBar"/>

  <Literal LiteralID = "LIT0013"  Text="Access Server Blancs"  Severity="30" Type="MessageBar"/>

  <Literal LiteralID = "LIT0014"  Text="Format Date Blancs"  Severity="30" Type="MessageBar"/>

  <Literal LiteralID = "LIT0015"  Text="Fichier XML Blancs Menu"  Severity="30" Type="MessageBar"/>

 
  <Literal LiteralID = "WKP0001"  Text="Utilisateur Web Blancs / Groupe"  Severity="30" Type="MessageBar"/>
 
  <Literal LiteralID = "WKP0002"  Text="Point de passe non valide"  Severity="30" Type="MessageBar"/>
 
  <Literal LiteralID = "WKP0003"  Text="Invalide ou actifs KeePass Groupe"  Severity="30" Type="MessageBar"/>
  
  <Literal LiteralID = "WKP0004"  Text="Mot de passe ID est flans"  Severity="30" Type="MessageBar"/>



  <Literal LiteralID = "OSS0001"  Text="Solutions Java pour les applications d entreprise" Severity="00" Type="MessageText"/>

  <Literal LiteralID = "OSS0002"  Text="Une autre application gratuite par:" Severity="00" Type="MessageText"/>


  <Literal LiteralID = "UAD0110"  Text="Édition d un utilisateur Web"  Severity="00" Type="MessageText"/>

  <Literal LiteralID = "UAD0130"  Text="Profils des utilisateurs Web"  Severity="00" Type="MessageText"/>

  <Literal LiteralID = "UAD0100"  Text="Modifier le groupe de l utilisateur Web"  Severity="00" Type="MessageText"/>

  <Literal LiteralID = "UAD0120"  Text="Profils Web User Group"  Severity="00" Type="MessageText"/>

  <Literal LiteralID = "UAD0150"  Text="Modifier le script"  Severity="00" Type="MessageText"/>

  <Literal LiteralID = "UAD0160"  Text="Menu Edition"  Severity="00" Type="MessageText"/>

  <Literal LiteralID = "UAD0190"  Text="Script profils"  Severity="00" Type="MessageText"/>




  <Literal LiteralID = "MTH0001"  Text="Janvier"  Severity="00" Type="MessageText"/>

  <Literal LiteralID = "MTH0002"  Text="Février"  Severity="00" Type="MessageText"/>

  <Literal LiteralID = "MTH0003"  Text="Mars"  Severity="00" Type="MessageText"/>

  <Literal LiteralID = "MTH0004"  Text="Avril"  Severity="00" Type="MessageText"/>

  <Literal LiteralID = "MTH0005"  Text="Mai"  Severity="00" Type="MessageText"/>

  <Literal LiteralID = "MTH0006"  Text="Juin"  Severity="00" Type="MessageText"/>

  <Literal LiteralID = "MTH0007"  Text="Juillet"  Severity="00" Type="MessageText"/>

  <Literal LiteralID = "MTH0008"  Text="Août"  Severity="00" Type="MessageText"/>

  <Literal LiteralID = "MTH0009"  Text="Septembre"  Severity="00" Type="MessageText"/>

  <Literal LiteralID = "MTH0010"  Text="Octobre"  Severity="00" Type="MessageText"/>

  <Literal LiteralID = "MTH0011"  Text="Novembre"  Severity="00" Type="MessageText"/>

  <Literal LiteralID = "MTH0012"  Text="Décembre"  Severity="00" Type="MessageText"/>




  <Literal LiteralID = "PWD0001"  Text="Haut et le Bas Lettres"  Severity="00" Type="MessageText"/>

  <Literal LiteralID = "PWD0002"  Text="Lettres minuscules"  Severity="00" Type="MessageText"/>

  <Literal LiteralID = "PWD0003"  Text="Basse-Lettres et chiffres"  Severity="00" Type="MessageText"/>

  <Literal LiteralID = "PWD0004"  Text="Haut et le Bas des lettres et des chiffres"  Severity="00" Type="MessageText"/>

  <Literal LiteralID = "PWD0005"  Text="Tous les caractères imprimables"  Severity="00" Type="MessageText"/>

  <Literal LiteralID = "PWD0006"  Text="Lettres majuscules"  Severity="00" Type="MessageText"/>

  <Literal LiteralID = "PWD0007"  Text="Lettres majuscules et chiffres"  Severity="00" Type="MessageText"/>



  <Literal LiteralID = "TXT0001"  Text="OK" Severity="00" Type="MessageText"/>

  <Literal LiteralID = "TXT0002"  Text="Sélectionner la couleur"  Severity="00" Type="MessageText"/>

  <Literal LiteralID = "TXT0003"  Text="Choisir la date"  Severity="00" Type="MessageText"/>

  <Literal LiteralID = "TXT0004"  Text="Aujourd hui"  Severity="00" Type="MessageText"/>

  <Literal LiteralID = "TXT0005"  Text="Calculatrice"  Severity="00" Type="MessageText"/>

  <Literal LiteralID = "TXT0006"  Text="Valeur de retour"  Severity="00" Type="MessageText"/>

  <Literal LiteralID = "TXT0007"  Text="Sélectionner la police"  Severity="00" Type="MessageText"/>

  <Literal LiteralID = "TXT0008"  Text="Couleur de police"  Severity="00" Type="MessageText"/>

  <Literal LiteralID = "TXT0009"  Text="Exemple de texte"  Severity="00" Type="MessageText"/>

  <Literal LiteralID = "TXT0010"  Text="Extrait"  Severity="00" Type="MessageText"/>

  <Literal LiteralID = "TXT0011"  Text="Confirmation de la suppression"  Severity="00" Type="MessageText"/>

  <Literal LiteralID = "TXT0012"  Text="Supprimer les éléments sélectionnés?"  Severity="00" Type="MessageText"/>

  <Literal LiteralID = "TXT0013"  Text="Oui"  Severity="00" Type="MessageText"/>

  <Literal LiteralID = "TXT0014"  Text="N"  Severity="00" Type="MessageText"/>

  <Literal LiteralID = "TXT0015"  Text="Time Out Session"  Severity="00" Type="MessageText"/>

  <Literal LiteralID = "TXT0016"  Text="Votre session se terminera"  Severity="00" Type="MessageText"/>

  <Literal LiteralID = "TXT0017"  Text="Connectez-Out"  Severity="00" Type="MessageText"/>

  <Literal LiteralID = "TXT0018"  Text="Confirmation Déconnexion"  Severity="00" Type="MessageText"/>

  <Literal LiteralID = "TXT0019"  Text="Déconnexion de cette session?"  Severity="00" Type="MessageText"/>

  <Literal LiteralID = "TXT0020"  Text="Respecter la casse"  Severity="00" Type="MessageText"/>

  <Literal LiteralID = "TXT0021"  Text="Mots entiers uniquement"  Severity="00" Type="MessageText"/>

  <Literal LiteralID = "TXT0022"  Text="Rechercher vers le bas"  Severity="00" Type="MessageText"/>
 
  <Literal LiteralID = "TXT0023"  Text="Options"  Severity="00" Type="MessageText"/>

  <Literal LiteralID = "TXT0024"  Text="Remplacer:"  Severity="00" Type="MessageText"/>

  <Literal LiteralID = "TXT0025"  Text="Mots entiers uniquement"  Severity="00" Type="MessageText"/>

  <Literal LiteralID = "TXT0026"  Text="Recherche en place"  Severity="00" Type="MessageText"/>

  <Literal LiteralID = "TXT0027"  Text="Rechercher la chaîne de recherche"  Severity="00" Type="MessageText"/>

  <Literal LiteralID = "TXT0028"  Text="Chaîne de remplacement"  Severity="00" Type="MessageText"/>
  
  <Literal LiteralID = "TXT0029"  Text="Remplacer tout"  Severity="00" Type="MessageText"/>

  <Literal LiteralID = "TXT0030"  Text="Rechercher / Remplacer"  Severity="00" Type="MessageText"/>

  <Literal LiteralID = "TXT0031"  Text="Demande Network"  Severity="00" Type="MessageText"/>

  <Literal LiteralID = "TXT0032"  Text="Entrée sur le terrain Blancs"  Severity="00" Type="MessageText"/>

  <Literal LiteralID = "TXT0033"  Text="Demande de confirmation"  Severity="00" Type="MessageText"/>

  <Literal LiteralID = "TXT0034"  Text="Un mot d avertissement"  Severity="00" Type="MessageText"/>

  <Literal LiteralID = "TXT0035"  Text="Nom d utilisateur:"  Severity="00" Type="MessageText"/>

  <Literal LiteralID = "TXT0036"  Text="Mot de passe:"  Severity="00" Type="MessageText"/>

  <Literal LiteralID = "TXT0038"  Text="Réinitialisation de la connexion serveur-essayer plus tard"  Severity="00" Type="MessageText"/>

  <Literal LiteralID = "TXT0039"  Text="Erreur HTTP"  Severity="00" Type="MessageText"/>

  <Literal LiteralID = "TXT0040"  Text="Mot de passe Demande de changement"  Severity="00" Type="MessageText"/>

  <Literal LiteralID = "TXT0041"  Text="Changer mon mot de passe"  Severity="00" Type="MessageText"/>

  <Literal LiteralID = "TXT0042"  Text="Mot de passe ne peuvent pas être laissés en blanc"  Severity="00" Type="MessageText"/>

  <Literal LiteralID = "TXT0043"  Text="Nouveau mot de passe non valide"  Severity="00" Type="MessageText"/>

  <Literal LiteralID = "TXT0044"  Text="Informations sur le serveur"  Severity="00" Type="MessageText"/>

  <Literal LiteralID = "TXT0045"  Text="Connexions ouvertes:"  Severity="00" Type="MessageText"/>

  <Literal LiteralID = "TXT0046"  Text="Objets:"  Severity="00" Type="MessageText"/>

  <Literal LiteralID = "TXT0047"  Text="XML Menu:"  Severity="00" Type="MessageText"/>

  <Literal LiteralID = "TXT0048"  Text="Format Date:"  Severity="00" Type="MessageText"/>

  <Literal LiteralID = "TXT0049"  Text="Accès Servlet:" Severity="00" Type="MessageText"/>

  <Literal LiteralID = "TXT0050"  Text="Servlet Logs:" Severity="00" Type="MessageText"/>

  <Literal LiteralID = "TXT0051"  Text="Connectez-Server Voir" Severity="00" Type="MessageText"/>

  <Literal LiteralID = "TXT0052"  Text="Sécurité des utilisateurs et XML Edition" Severity="00" Type="MessageText"/>

  <Literal LiteralID = "TXT0053"  Text="Outils" Severity="00" Type="MessageText"/>
 
  <Literal LiteralID = "TXT0054"  Text="Déconnexion" Severity="00" Type="MessageText"/>

  <Literal LiteralID = "TXT0055"  Text="Presse-papiers autorisé à:" Severity="00" Type="MessageText"/>

  <Literal LiteralID = "TXT0056"  Text="Set Split"  Severity="00" Type="MessageText"/>

  <Literal LiteralID = "TXT0057"  Text="Utilisateur:"  Severity="00" Type="MessageText"/>

  <Literal LiteralID = "TXT0058"  Text="Date:"  Severity="00" Type="MessageText"/>

  <Literal LiteralID = "TXT0059"  Text="Top Desk Personnaliser"  Severity="00" Type="MessageText"/>

  <Literal LiteralID = "TXT0060"  Text="Couleur"  Severity="00" Type="MessageText"/>

  <Literal LiteralID = "TXT0061"  Text="Font"  Severity="00" Type="MessageText"/>

  <Literal LiteralID = "TXT0062"  Text="Rappel des faits:"  Severity="00" Type="MessageText"/>

  <Literal LiteralID = "TXT0063"  Text="police Std:"  Severity="00" Type="MessageText"/>

  <Literal LiteralID = "TXT0064"  Text="Font barre de titre:"  Severity="00" Type="MessageText"/>

  <Literal LiteralID = "TXT0065"  Text="Police du titre:"  Severity="00" Type="MessageText"/>

  <Literal LiteralID = "TXT0066"  Text="Barre de titre:"  Severity="00" Type="MessageText"/>

  <Literal LiteralID = "TXT0067"  Text="Cursor:"  Severity="00" Type="MessageText"/>

  <Literal LiteralID = "TXT0068"  Text="Sauvegarder Desktop"  Severity="00" Type="MessageText"/>

  <Literal LiteralID = "TXT0069"  Text="Changer mon mot de passe"  Severity="00" Type="MessageText"/>

  <Literal LiteralID = "TXT0070"  Text="Mot de passe actuel:"  Severity="00" Type="MessageText"/>

  <Literal LiteralID = "TXT0071"  Text="Nouveau mot de passe:"  Severity="00" Type="MessageText"/>

  <Literal LiteralID = "TXT0072"  Text="Répéter nouveau mot de passe:"  Severity="00" Type="MessageText"/>

  <Literal LiteralID = "TXT0073"  Text="Changer mot de passe"  Severity="00" Type="MessageText"/>

  <Literal LiteralID = "TXT0074"  Text="Début des tâches administratives"  Severity="00" Type="MessageText"/>

  <Literal LiteralID = "TXT0075"  Text="A propos"  Severity="00" Type="MessageText"/>
 
  <Literal LiteralID = "TXT0076"  Text="Changer mon mot de passe"  Severity="00" Type="MessageText"/>

  <Literal LiteralID = "TXT0077"  Text="Thèmes de bureau"  Severity="00" Type="MessageText"/>

  <Literal LiteralID = "TXT0078"  Text="Détails Script"  Severity="00" Type="MessageText"/>
 
  <Literal LiteralID = "TXT0079"  Text="Dock Window"  Severity="00" Type="MessageText"/>

  <Literal LiteralID = "TXT0080"  Text="Nom de l écran:"  Severity="00" Type="MessageText"/>

  <Literal LiteralID = "TXT0081"  Text="Les touches de commandes:"  Severity="00" Type="MessageText"/>

  <Literal LiteralID = "TXT0082"  Text="Titre:"  Severity="00" Type="MessageText"/>

  <Literal LiteralID = "TXT0083"  Text="Classe Servlet:" Severity="00" Type="MessageText"/>

  <Literal LiteralID = "TXT0084"  Text="Largeur:" Severity="00" Type="MessageText"/>

  <Literal LiteralID = "TXT0085"  Text="F3 = Quitter" Severity="00" Type="MessageText"/>

  <Literal LiteralID = "TXT0086"  Text="Hauteur:" Severity="00" Type="MessageText"/>

  <Literal LiteralID = "TXT0087"  Text="F4 = Invite" Severity="00" Type="MessageText"/>

  <Literal LiteralID = "TXT0088"  Text="Les objets de l écran total:" Severity="00" Type="MessageText"/>

  <Literal LiteralID = "TXT0089"  Text="F5 = Développer Messages" Severity="00" Type="MessageText"/>

  <Literal LiteralID = "TXT0090"  Text="Conseils Script Show:" Severity="00" Type="MessageText"/>

  <Literal LiteralID = "TXT0091"  Text="Annuler" Severity="00" Type="MessageText"/>

  <Literal LiteralID = "TXT0092"  Text="Demande pas complète: les erreurs d examen ci-dessous" Severity="00" Type="MessageText"/>

  <Literal LiteralID = "TXT0093"  Text="Demande Server Terminé" Severity="00" Type="MessageText"/>

  <Literal LiteralID = "TXT0094"  Text="doit être numérique" Severity="00" Type="MessageText"/>

  <Literal LiteralID = "TXT0095"  Text="doit être une date valide" Severity="00" Type="MessageText"/>

  <Literal LiteralID = "TXT0096"  Text="doit être une heure valide que" Severity="00" Type="MessageText"/>

  <Literal LiteralID = "TXT0097"  Text="Trouver prochaine" Severity="00" Type="MessageText"/>

  <Literal LiteralID = "TXT0098"  Text="Le fichier ne peut pas être importé" Severity="00" Type="MessageText"/>

  <Literal LiteralID = "TXT0099"  Text="Détails" Severity="00" Type="MessageText"/>
  
  <Literal LiteralID = "TXT0100"  Text="Icônes" Severity="00" Type="MessageText"/>

  <Literal LiteralID = "TXT0101"  Text="Importer un document" Severity="00" Type="MessageText"/>

  <Literal LiteralID = "TXT0102"  Text="Voir le document" Severity="00" Type="MessageText"/>

  <Literal LiteralID = "TXT0103"  Text="Supprimer le document" Severity="00" Type="MessageText"/>
 
  <Literal LiteralID = "TXT0104"  Text="Parcourir" Severity="00" Type="MessageText"/>

  <Literal LiteralID = "TXT0105"  Text="Fichier non trouvé" Severity="00" Type="MessageText"/>

  <Literal LiteralID = "TXT0106"  Text="Fichier ne peut être sauvé" Severity="00" Type="MessageText"/>

  <Literal LiteralID = "TXT0107"  Text="Import" Severity="00" Type="MessageText"/>

  <Literal LiteralID = "TXT0108"  Text="Export" Severity="00" Type="MessageText"/>

  <Literal LiteralID = "TXT0109"  Text="Format de fichier incorrect" Severity="00" Type="MessageText"/>

  <Literal LiteralID = "TXT0110"  Text="afficher / cacher le mot de passe" Severity="00" Type="MessageText"/>

  <Literal LiteralID = "TXT0111"  Text="Créer mot de passe" Severity="00" Type="MessageText"/>

  <Literal LiteralID = "TXT0112"  Text="Comme" Severity="00" Type="MessageText"/>

  <Literal LiteralID = "TXT0113"  Text="Commence par" Severity="00" Type="MessageText"/>

  <Literal LiteralID = "TXT0114"  Text="Se termine par" Severity="00" Type="MessageText"/>

  <Literal LiteralID = "TXT0115"  Text="Moins de" Severity="00" Type="MessageText"/>

  <Literal LiteralID = "TXT0116"  Text="Grand puis" Severity="00" Type="MessageText"/>

  <Literal LiteralID = "TXT0117"  Text="Égal à" Severity="00" Type="MessageText"/>

  <Literal LiteralID = "TXT0118"  Text="Pas égal à" Severity="00" Type="MessageText"/>

  <Literal LiteralID = "TXT0119"  Text="Imprimer" Severity="00" Type="MessageText"/>
 
  <Literal LiteralID = "TXT0120"  Text="Copier le tableau dans le presse papier" Severity="00" Type="MessageText"/>

  <Literal LiteralID = "TXT0121"  Text="Couper" Severity="00" Type="MessageText"/>
 
  <Literal LiteralID = "TXT0122"  Text="Copier" Severity="00" Type="MessageText"/>

  <Literal LiteralID = "TXT0123"  Text="Coller" Severity="00" Type="MessageText"/>

  <Literal LiteralID = "TXT0124"  Text="Source" Severity="00" Type="MessageText"/>

  <Literal LiteralID = "TXT0125"  Text="Document d exportation" Severity="00" Type="MessageText"/>

  <Literal LiteralID = "TXT0126"  Text="Rechercher et remplacer" Severity="00" Type="MessageText"/>

  <Literal LiteralID = "TXT0127"  Text="Thèmes de bureau" Severity="00" Type="MessageText"/>

  <Literal LiteralID = "TXT0128"  Text="F1 fenêtre Dock =" Severity="00" Type="MessageText"/>

  <Literal LiteralID = "TXT0129"  Text="F2 = Sélectionnez Menu" Severity="00" Type="MessageText"/>
  
  <Literal LiteralID = "TXT0130"  Text="Modifier Robot" Severity="00" Type="MessageText"/>

  <Literal LiteralID = "TXT0131"  Text="Clear Robot" Severity="00" Type="MessageText"/>

  <Literal LiteralID = "TXT0132"  Text="Run Robot" Severity="00" Type="MessageText"/>

  <Literal LiteralID = "TXT0133"  Text="Insérez Id utilisateur" Severity="00" Type="MessageText"/>
  
  <Literal LiteralID = "TXT0134"  Text="Mot de passe Insérez Id" Severity="00" Type="MessageText"/>

  <Literal LiteralID = "TXT0135"  Text="Insérez Mot de passe" Severity="00" Type="MessageText"/>
  
  <Literal LiteralID = "TXT0136"  Text="Email Insérer" Severity="00" Type="MessageText"/>
 
  <Literal LiteralID = "TXT0137"  Text="Key onglet Insertion"  Severity="00" Type="MessageText"/>

  <Literal LiteralID = "TXT0138"  Text="Retard Insérer pendant 2 secondes"  Severity="00" Type="MessageText"/>

  <Literal LiteralID = "TXT0139"  Text="Délai d insertion pour 5 secondes"  Severity="00" Type="MessageText"/>

  <Literal LiteralID = "TXT0140"  Text="Délai d insertion pour 10 secondes"  Severity="00" Type="MessageText"/>

  <Literal LiteralID = "TXT0141"  Text="Délai d insertion pour 20 secondes"  Severity="00" Type="MessageText"/>

  <Literal LiteralID = "TXT0142"  Text="Insérez sur la touche Enter"  Severity="00" Type="MessageText"/>
  
  <Literal LiteralID = "TXT0143"  Text="Site Web de charge"  Severity="00" Type="MessageText"/>

  <Literal LiteralID = "TXT0144"  Text="Charge Alt-Site Web"  Severity="00" Type="MessageText"/>

  <Literal LiteralID = "TXT0145"  Text="Exécuter le programme"  Severity="00" Type="MessageText"/>
  
  <Literal LiteralID = "TXT0146"  Text="Insérez la clé Tab Retour"  Severity="00" Type="MessageText"/>

  <Literal LiteralID = "TXT0147"  Text="Key Accueil Insérer"  Severity="00" Type="MessageText"/> 

</Literals>

