<?xml version="1.0" encoding="UTF-8"?>

<!--	 **Script Builder 4.0 - www.ossfree.net *  -->
<!--	 	 Script Name :  UserAdmin100 -->
<!--	 	 Description :  Edit User Groups -->
<!--	 	 Server Class :  webBoltOns.server.UserSecurityManager -->
<!--	 	 Initalization Method :   -->
<!--	 	 File Path :  /home/pjones/Projects/JavaProjects/WebKeepass/wkp/jakarta-tomcat-5.5.7/webapps/ROOT/XML/ENG/UserAdmin100.xml -->
<!--	 	 Last Update :  10-Aug-2010 -->
<!--	 	 User Profile:  root -->
<SCRIPT SCRIPT_NAME="UserAdmin100" DOCUMENT_TYPE="Window" CLASS_NAME="webBoltOns.server.UserSecurityManager" AUTO_REFRESH="false" ICON="WKPA.jpg" DESCRIPTION="Modifier les groupes d utilisateurs" Screen_Title="Edit User Groups" WIDTH="1015" HEIGHT="680">
  <ButtonBar>
    <BarButton TYPE="CLEAR" DESCRIPTION="Clear" ICON="iClear.gif" />
    <BarButton TYPE="FIND" DESCRIPTION="Trouvez-le!" ICON="iFind.gif" METHOD="getUserGroup" />
    <BarButton TYPE="PREV" DESCRIPTION="Précédent" ICON="iPrev.gif" METHOD="prvUserGroup" />
    <BarButton TYPE="NEXT" DESCRIPTION="Suivant" ICON="iNext.gif" METHOD="nxtUserGroup" />
    <BarButton TYPE="POST" DESCRIPTION="Ajouter / Mettre à jour" ICON="iEdit.gif" METHOD="updUserGroup" />
  </ButtonBar>
  <Panel POSITION="Left" HIDDEN="N">
    <TextField FIELDNAME="GroupID" DESCRIPTION="Groupe d utilisateurs" LENGTH="8" DECIMALS="0" DATA_TYPE="CHR" DATA_LEN="0" POSITION="Left" PROTECTED="N" HIDDEN="N" ZERO_FILL="N" ENCRYPT="N" LINK="UserAdmin120" METHOD="getUserGroup" />
    <TextField FIELDNAME="GroupDescription" DESCRIPTION="Description" LENGTH="30" DECIMALS="0" DATA_TYPE="CHR" DATA_LEN="0" POSITION="Left" PROTECTED="N" HIDDEN="N" ZERO_FILL="N" ENCRYPT="N" />
  </Panel>
  <Panel DESCRIPTION="Langue et timeous" POSITION="Right Fill" HIDDEN="N">
    <ComboBox FIELDNAME="Language" DESCRIPTION="Langue" LENGTH="5" DATA_TYPE="CHR" POSITION="Left" ENCRYPT="N">
      <ComboItem DESCRIPTION="ENG" DEFAULT_VALUE="ENG" />
      <ComboItem DESCRIPTION="FRN" DEFAULT_VALUE="FRN" />
      <ComboItem DESCRIPTION="DUT" DEFAULT_VALUE="DUT" />
      <ComboItem DESCRIPTION="FIN" DEFAULT_VALUE="FIN" />
      <ComboItem DESCRIPTION="RUS" DEFAULT_VALUE="RUS" />
      <ComboItem DESCRIPTION="SPN" DEFAULT_VALUE="SPN" />
      <ComboItem DESCRIPTION="GER" DEFAULT_VALUE="GER" />
      <ComboItem DESCRIPTION="ITL" DEFAULT_VALUE="ITL" />
    </ComboBox>
    <SpinnerField FIELDNAME="TimeOut" DESCRIPTION="Déconnexion automatique après" LENGTH="4" DATA_LEN="5" POSITION="Left" ALIGNMENT="Left" />
  </Panel>
  <Panel DESCRIPTION="Niveaux d accès Menu" POSITION="Left Fill" HIDDEN="N">
    <MenuExplorer FIELDNAME="MenuStruct" HEIGHT="0" WIDTH="0">
      <TableTextField FIELDNAME="GroupItemDescription" DESCRIPTION="Option Menu" LENGTH="15" DECIMALS="0" DATA_TYPE="CHR" DATA_LEN="0" PROTECTED="N" ZERO_FILL="N" ENCRYPT="N" />
      <TableTextField FIELDNAME="MenuItem" DESCRIPTION="Nom du menu" LENGTH="10" DECIMALS="0" DATA_TYPE="CHR" DATA_LEN="0" PROTECTED="Y" ZERO_FILL="N" ENCRYPT="N" />
      <TableTextField FIELDNAME="Type" DESCRIPTION="Menu Type" LENGTH="10" DECIMALS="0" DATA_TYPE="CHR" DATA_LEN="0" PROTECTED="Y" ZERO_FILL="N" ENCRYPT="N" ALIGNMENT="Center" />
      <TableComboBox FIELDNAME="AccessLevel" DESCRIPTION="Accès" LENGTH="10" PROTECTED="N" ENCRYPT="N" ALIGNMENT="Left">
	<ComboItem DESCRIPTION="Pas d accès" />
	<ComboItem DESCRIPTION="Seuls enquête" />
	<ComboItem DESCRIPTION="Renseignements / Mise à jour" />
      </TableComboBox>
    </MenuExplorer>
    <Panel POSITION="Left" HIDDEN="N">
      <Button FIELDNAME="MenuItem" DESCRIPTION="Modifier le script" POSITION="Left" LINK="UserAdmin150" METHOD="getScriptLink" />
    </Panel>
  </Panel>
  <Panel DESCRIPTION="Niveaux d accès du groupe" POSITION="Right Fill" HIDDEN="N">
    <Panel HIDDEN="N">
      <CheckBox FIELDNAME="ActiveGroup" DESCRIPTION="Groupe Active" POSITION="Left" ENCRYPT="N" />
      <CheckBox FIELDNAME="Administrator" DESCRIPTION="Accès administrateur" POSITION="Left" ENCRYPT="N" />
      <CheckBox FIELDNAME="DeskTopTheme" DESCRIPTION="Accès bureau Thème Top" POSITION="Left" ENCRYPT="N" />
      <CheckBox FIELDNAME="TipAccess" DESCRIPTION="Script Conseils" POSITION="Left" ENCRYPT="N" />
      <CheckBox FIELDNAME="CopyAccess" DESCRIPTION="Access copie le tableau" POSITION="Left" ENCRYPT="N" />
      <CheckBox FIELDNAME="PrintAccess" DESCRIPTION="Accès Imprimer le tableau" POSITION="Left" ENCRYPT="N" />
    </Panel>
    <Panel HIDDEN="N">
      <TextField FIELDNAME="MenuXML" DESCRIPTION="Menu XML" LENGTH="10" DECIMALS="0" DATA_TYPE="CHR" DATA_LEN="0" POSITION="Left" PROTECTED="N" HIDDEN="N" ZERO_FILL="N" ENCRYPT="N" LINK="UserAdmin190" PARAMETER="@ScriptFileName" />
      <TextField FIELDNAME="DateFormat" DESCRIPTION="Format de date" LENGTH="9" DECIMALS="0" DATA_TYPE="CHR" DATA_LEN="0" POSITION="Left" PROTECTED="N" HIDDEN="N" ZERO_FILL="N" ENCRYPT="N" />
      <TextField FIELDNAME="LastChangeDate" DESCRIPTION="Dernière mise à jour" LENGTH="9" DECIMALS="0" DATA_TYPE="DAT" DATA_LEN="0" POSITION="Left" PROTECTED="N" HIDDEN="N" ZERO_FILL="N" ENCRYPT="N" />
      <TextField FIELDNAME="InActiveDate" DESCRIPTION="Date InActive" LENGTH="9" DECIMALS="0" DATA_TYPE="DAT" DATA_LEN="0" POSITION="Left" PROTECTED="N" HIDDEN="N" ZERO_FILL="N" ENCRYPT="N" />
      <TextField FIELDNAME="ActiveDate" DESCRIPTION="Active Date" LENGTH="9" DECIMALS="0" DATA_TYPE="DAT" DATA_LEN="0" POSITION="Left" PROTECTED="N" HIDDEN="N" ZERO_FILL="N" ENCRYPT="N" />
      <ComboBox FIELDNAME="AccessMethod" DESCRIPTION="Server Acccess" LENGTH="4" DATA_TYPE="CHR" POSITION="Left" ENCRYPT="N">
	<ComboItem DESCRIPTION="HTTP" />
	<ComboItem DESCRIPTION="RMI" />
	<ComboItem DESCRIPTION="PRISE" />
      </ComboBox>
    </Panel>
  </Panel>
</SCRIPT>

