<?xml version="1.0" encoding="UTF-8"?>

<Literals>
  <Literal LiteralID = "SVR0001"  Text="Data Base Error - Errore del database - Si prega di contattare l'amministratore di sistemi"  Severity="30" Type="MessageBar"/>

  <Literal LiteralID = "SVR0002"  Text="Richiesta Server Completato" Severity="00" Type="Pop-Up" />

  <Literal LiteralID = "SVR0003"  Text="Richiesta non completa: Errori Sotto Recensione" Severity="00" Type="Pop-Up" /> 
  
  <Literal LiteralID = "SVR0004"  Text="Class Not Found - Si prega di contattare l'amministratore di sistemi"  Severity="30" Type="MessageBar" />

  <Literal LiteralID = "SVR0005"  Text="Server Security Eccezione - Si prega di contattare l'amministratore di sistemi"  Severity="30" Type="MessageBar" />
  
  <Literal LiteralID = "SVR0006"  Text="Metodo Not Found - Si prega di contattare l'amministratore di sistemi"   Severity="30" Type="MessageBar" />

  <Literal LiteralID = "SVR0007"  Text="Di istanze di errore - si prega di contattare l'amministratore di sistemi"  Severity="30" Type="MessageBar" />
	
  <Literal LiteralID = "SVR0008"  Text="Server Security Error-Si prega di contattare l'amministratore di sistemi"  Severity="30" Type="MessageBar" />

  <Literal LiteralID = "SVR0009"  Text="Invocazione Target / Stack trap di errore - si prega di contattare l'amministratore di sistemi"  Severity="30" Type="MessageBar" />

  <Literal LiteralID = "SVR0011"  Text="Menu File non trovato"  Severity="30" Type="MessageBar" /> 
  
  <Literal LiteralID = "SVR0012"  Text="Menu File XML errore di analisi"  Severity="30" Type="MessageBar" />			
			
  <Literal LiteralID = "SVR0014"  Text="Menu File I / O error"  Severity="30" Type="MessageBar" />
  
  <Literal LiteralID = "SVR0015"  Text="Script non trovato - Si prega di contattare l'amministratore di sistemi"  Severity="30" Type="MessageBar" /> 

  <Literal LiteralID = "SVR0016"  Text="Lo script XML Errore di analisi - Si prega di contattare l'amministratore di sistemi"  Severity="30" Type="MessageBar" /> 
  
  <Literal LiteralID = "SVR0017"  Text="Script File Error - Si prega di contattare l'amministratore di sistemi"  Severity="30" Type="MessageBar" /> 





  <Literal LiteralID = "LIT0001"  Text="Voce non trovata - New Entry"  Severity="10" Type="MessageBar"/>

  <Literal LiteralID = "LIT0002"  Text="Voce non trovata - alla fine del file"   Severity="30" Type="MessageBar"/>

  <Literal LiteralID = "LIT0003"  Text="Voce non trovata - all 'inizio del file"  Severity="30" Type="MessageBar" />

  <Literal LiteralID = "LIT0004"  Text="Elemento aggiornato" Severity="00" Type="MessageBar" />

  <Literal LiteralID = "LIT0005"  Text="Elemento aggiunto"  Severity="00" Type="MessageBar"/>

  <Literal LiteralID = "LIT0006"  Text="Item (s) Soppresso"  Severity="00" Type="MessageBar"/>
 
  <Literal LiteralID = "LIT0007"  Text="Errore del database - Si prega di contattare l'amministratore di sistemi"  Severity="30" Type="MessageBar"/>

  <Literal LiteralID = "LIT0008"  Text="Prodotto esportato"  Severity="00" Type="MessageBar"/>

  <Literal LiteralID = "LIT0009"  Text="Merce importata"  Severity="00" Type="MessageBar"/>
 
  <Literal LiteralID = "LIT0010"  Text="Script non trovato"  Severity="30" Type="MessageBar"/>

  <Literal LiteralID = "LIT0011"  Text="Articolo non trovato"  Severity="30" Type="MessageBar"/>
 
  <Literal LiteralID = "LIT0012"  Text="Gruppo ID non valido"  Severity="30" Type="MessageBar"/>

  <Literal LiteralID = "LIT0013"  Text="Server di accesso non valido"  Severity="30" Type="MessageBar"/>

  <Literal LiteralID = "LIT0014"  Text="Formato data non valido"  Severity="30" Type="MessageBar"/>

  <Literal LiteralID = "LIT0015"  Text="Menu File XML non valido"  Severity="30" Type="MessageBar"/>

 
  <Literal LiteralID = "WKP0001"  Text="Web valide utente / gruppo"  Severity="30" Type="MessageBar"/>
 
  <Literal LiteralID = "WKP0002"  Text="Password Oggetto non valido"  Severity="30" Type="MessageBar"/>
 
  <Literal LiteralID = "WKP0003"  Text="Valide o in gruppo attivo KeePass"  Severity="30" Type="MessageBar"/>
  
  <Literal LiteralID = "WKP0004"  Text="Password ID spazi"  Severity="30" Type="MessageBar"/>



  <Literal LiteralID = "OSS0001"  Text="Soluzioni di Java per applicazioni aziendali" Severity="00" Type="MessageText"/>

  <Literal LiteralID = "OSS0002"  Text="Un'altra applicazione gratuita per:" Severity="00" Type="MessageText"/>


  <Literal LiteralID = "UAD0110"  Text="Modifica utente Web"  Severity="00" Type="MessageText"/>

  <Literal LiteralID = "UAD0130"  Text="Web Profili utente"  Severity="00" Type="MessageText"/>

  <Literal LiteralID = "UAD0100"  Text="Modifica Web User Group"  Severity="00" Type="MessageText"/>

  <Literal LiteralID = "UAD0120"  Text="Web User Group profili"  Severity="00" Type="MessageText"/>

  <Literal LiteralID = "UAD0150"  Text="Modifica script"  Severity="00" Type="MessageText"/>

  <Literal LiteralID = "UAD0160"  Text="Menu Modifica"  Severity="00" Type="MessageText"/>

  <Literal LiteralID = "UAD0190"  Text="Script profili"  Severity="00" Type="MessageText"/>




  <Literal LiteralID = "MTH0001"  Text="Gennaio"  Severity="00" Type="MessageText"/>

  <Literal LiteralID = "MTH0002"  Text="Febbraio"  Severity="00" Type="MessageText"/>

  <Literal LiteralID = "MTH0003"  Text="Marzo"  Severity="00" Type="MessageText"/>

  <Literal LiteralID = "MTH0004"  Text="Aprile"  Severity="00" Type="MessageText"/>

  <Literal LiteralID = "MTH0005"  Text="Maggio"  Severity="00" Type="MessageText"/>

  <Literal LiteralID = "MTH0006"  Text="Giugno"  Severity="00" Type="MessageText"/>

  <Literal LiteralID = "MTH0007"  Text="Luglio"  Severity="00" Type="MessageText"/>

  <Literal LiteralID = "MTH0008"  Text="Agosto"  Severity="00" Type="MessageText"/>

  <Literal LiteralID = "MTH0009"  Text="Settembre"  Severity="00" Type="MessageText"/>

  <Literal LiteralID = "MTH0010"  Text="Ottobre"  Severity="00" Type="MessageText"/>

  <Literal LiteralID = "MTH0011"  Text="Novembre"  Severity="00" Type="MessageText"/>

  <Literal LiteralID = "MTH0012"  Text="Dicembre"  Severity="00" Type="MessageText"/>




  <Literal LiteralID = "PWD0001"  Text="Alta e Bassa lettere"  Severity="00" Type="MessageText"/>

  <Literal LiteralID = "PWD0002"  Text="Bassa Lettere"  Severity="00" Type="MessageText"/>

  <Literal LiteralID = "PWD0003"  Text="Bassa Lettere e numeri"  Severity="00" Type="MessageText"/>

  <Literal LiteralID = "PWD0004"  Text="Alta e Bassa Lettere e numeri"  Severity="00" Type="MessageText"/>

  <Literal LiteralID = "PWD0005"  Text="Tutti i caratteri stampabili"  Severity="00" Type="MessageText"/>

  <Literal LiteralID = "PWD0006"  Text="Upper Lettere"  Severity="00" Type="MessageText"/>

  <Literal LiteralID = "PWD0007"  Text="Lettere maiuscole e numeri"  Severity="00" Type="MessageText"/>



  <Literal LiteralID = "TXT0001"  Text="OK" Severity="00" Type="MessageText"/>

  <Literal LiteralID = "TXT0002"  Text="Scegli il colore"  Severity="00" Type="MessageText"/>

  <Literal LiteralID = "TXT0003"  Text="Selezionare Data"  Severity="00" Type="MessageText"/>

  <Literal LiteralID = "TXT0004"  Text="Oggi"  Severity="00" Type="MessageText"/>

  <Literal LiteralID = "TXT0005"  Text="Calcolatore"  Severity="00" Type="MessageText"/>

  <Literal LiteralID = "TXT0006"  Text="Return Value"  Severity="00" Type="MessageText"/>

  <Literal LiteralID = "TXT0007"  Text="Seleziona carattere"  Severity="00" Type="MessageText"/>

  <Literal LiteralID = "TXT0008"  Text="Colore del carattere"  Severity="00" Type="MessageText"/>

  <Literal LiteralID = "TXT0009"  Text="Testo di esempio"  Severity="00" Type="MessageText"/>

  <Literal LiteralID = "TXT0010"  Text="Anteprima"  Severity="00" Type="MessageText"/>

  <Literal LiteralID = "TXT0011"  Text="Conferma eliminazione"  Severity="00" Type="MessageText"/>

  <Literal LiteralID = "TXT0012"  Text="Eliminare le voci selezionate?"  Severity="00" Type="MessageText"/>

  <Literal LiteralID = "TXT0013"  Text="Sì"  Severity="00" Type="MessageText"/>

  <Literal LiteralID = "TXT0014"  Text="No"  Severity="00" Type="MessageText"/>

  <Literal LiteralID = "TXT0015"  Text="Session Time Out"  Severity="00" Type="MessageText"/>

  <Literal LiteralID = "TXT0016"  Text="La tua sessione sarà ora della fine"  Severity="00" Type="MessageText"/>

  <Literal LiteralID = "TXT0017"  Text="Log-Out"  Severity="00" Type="MessageText"/>

  <Literal LiteralID = "TXT0018"  Text="Log-out Conferma"  Severity="00" Type="MessageText"/>

  <Literal LiteralID = "TXT0019"  Text="Log-off di questa sessione?"  Severity="00" Type="MessageText"/>

  <Literal LiteralID = "TXT0020"  Text="Match caso"  Severity="00" Type="MessageText"/>

  <Literal LiteralID = "TXT0021"  Text="Solo parole intere"  Severity="00" Type="MessageText"/>

  <Literal LiteralID = "TXT0022"  Text="Cerca giù"  Severity="00" Type="MessageText"/>
 
  <Literal LiteralID = "TXT0023"  Text="Opzioni"  Severity="00" Type="MessageText"/>

  <Literal LiteralID = "TXT0024"  Text="Sostituisci:"  Severity="00" Type="MessageText"/>

  <Literal LiteralID = "TXT0025"  Text="Solo parole intere"  Severity="00" Type="MessageText"/>

  <Literal LiteralID = "TXT0026"  Text="Cerca su"  Severity="00" Type="MessageText"/>

  <Literal LiteralID = "TXT0027"  Text="Trova Stringa di ricerca"  Severity="00" Type="MessageText"/>

  <Literal LiteralID = "TXT0028"  Text="Sostituire String"  Severity="00" Type="MessageText"/>
  
  <Literal LiteralID = "TXT0029"  Text="Sostituisci tutto"  Severity="00" Type="MessageText"/>

  <Literal LiteralID = "TXT0030"  Text="Trova / Sostituisci"  Severity="00" Type="MessageText"/>

  <Literal LiteralID = "TXT0031"  Text="Richiesta di rete"  Severity="00" Type="MessageText"/>

  <Literal LiteralID = "TXT0032"  Text="Campo di input non valido"  Severity="00" Type="MessageText"/>

  <Literal LiteralID = "TXT0033"  Text="Richiesta di conferma"  Severity="00" Type="MessageText"/>

  <Literal LiteralID = "TXT0034"  Text="Una parola di avvertimento"  Severity="00" Type="MessageText"/>

  <Literal LiteralID = "TXT0035"  Text="Nome utente:"  Severity="00" Type="MessageText"/>

  <Literal LiteralID = "TXT0036"  Text="Password:"  Severity="00" Type="MessageText"/>

  <Literal LiteralID = "TXT0038"  Text="Connessione al server Reset-riprova più tardi"  Severity="00" Type="MessageText"/>

  <Literal LiteralID = "TXT0039"  Text="Errore HTTP"  Severity="00" Type="MessageText"/>

  <Literal LiteralID = "TXT0040"  Text="Richiesta di modifica della password"  Severity="00" Type="MessageText"/>

  <Literal LiteralID = "TXT0041"  Text="Cambia la Password"  Severity="00" Type="MessageText"/>

  <Literal LiteralID = "TXT0042"  Text="Password non possono essere lasciati in bianco"  Severity="00" Type="MessageText"/>

  <Literal LiteralID = "TXT0043"  Text="Nuova password non valida"  Severity="00" Type="MessageText"/>

  <Literal LiteralID = "TXT0044"  Text="Informazioni sul server"  Severity="00" Type="MessageText"/>

  <Literal LiteralID = "TXT0045"  Text="Apri connessioni:"  Severity="00" Type="MessageText"/>

  <Literal LiteralID = "TXT0046"  Text="Oggetti:"  Severity="00" Type="MessageText"/>

  <Literal LiteralID = "TXT0047"  Text="Menu XML:"  Severity="00" Type="MessageText"/>

  <Literal LiteralID = "TXT0048"  Text="Formato data:"  Severity="00" Type="MessageText"/>

  <Literal LiteralID = "TXT0049"  Text="Servlet di accesso:" Severity="00" Type="MessageText"/>

  <Literal LiteralID = "TXT0050"  Text="Servlet Logs:" Severity="00" Type="MessageText"/>

  <Literal LiteralID = "TXT0051"  Text="Vista Server Log" Severity="00" Type="MessageText"/>

  <Literal LiteralID = "TXT0052"  Text="Sicurezza utente e modificare XML" Severity="00" Type="MessageText"/>

  <Literal LiteralID = "TXT0053"  Text="Strumenti" Severity="00" Type="MessageText"/>
 
  <Literal LiteralID = "TXT0054"  Text="Log-off" Severity="00" Type="MessageText"/>

  <Literal LiteralID = "TXT0055"  Text="Appunti abilitati:" Severity="00" Type="MessageText"/>

  <Literal LiteralID = "TXT0056"  Text="Set Split"  Severity="00" Type="MessageText"/>

  <Literal LiteralID = "TXT0057"  Text="Utente:"  Severity="00" Type="MessageText"/>

  <Literal LiteralID = "TXT0058"  Text="Data:"  Severity="00" Type="MessageText"/>

  <Literal LiteralID = "TXT0059"  Text="Personalizza Desk Top"  Severity="00" Type="MessageText"/>

  <Literal LiteralID = "TXT0060"  Text="Colore"  Severity="00" Type="MessageText"/>

  <Literal LiteralID = "TXT0061"  Text="Font"  Severity="00" Type="MessageText"/>

  <Literal LiteralID = "TXT0062"  Text="Contesto:"  Severity="00" Type="MessageText"/>

  <Literal LiteralID = "TXT0063"  Text="Std font:"  Severity="00" Type="MessageText"/>

  <Literal LiteralID = "TXT0064"  Text="Barra del titolo Font:"  Severity="00" Type="MessageText"/>

  <Literal LiteralID = "TXT0065"  Text="Carattere titolo:"  Severity="00" Type="MessageText"/>

  <Literal LiteralID = "TXT0066"  Text="Barra del titolo:"  Severity="00" Type="MessageText"/>

  <Literal LiteralID = "TXT0067"  Text="Cursore:"  Severity="00" Type="MessageText"/>

  <Literal LiteralID = "TXT0068"  Text="Salva Desktop"  Severity="00" Type="MessageText"/>

  <Literal LiteralID = "TXT0069"  Text="Cambia la Password"  Severity="00" Type="MessageText"/>

  <Literal LiteralID = "TXT0070"  Text="Password attuale:"  Severity="00" Type="MessageText"/>

  <Literal LiteralID = "TXT0071"  Text="Nuova Password:"  Severity="00" Type="MessageText"/>

  <Literal LiteralID = "TXT0072"  Text="Ripeti la nuova password:"  Severity="00" Type="MessageText"/>

  <Literal LiteralID = "TXT0073"  Text="Cambia password"  Severity="00" Type="MessageText"/>

  <Literal LiteralID = "TXT0074"  Text="Inizio attività amministrative"  Severity="00" Type="MessageText"/>

  <Literal LiteralID = "TXT0075"  Text="Circa"  Severity="00" Type="MessageText"/>
 
  <Literal LiteralID = "TXT0076"  Text="Cambia la Password"  Severity="00" Type="MessageText"/>

  <Literal LiteralID = "TXT0077"  Text="Temi del desktop"  Severity="00" Type="MessageText"/>

  <Literal LiteralID = "TXT0078"  Text="Script Dettagli"  Severity="00" Type="MessageText"/>
 
  <Literal LiteralID = "TXT0079"  Text="Visualizza la finestra"  Severity="00" Type="MessageText"/>

  <Literal LiteralID = "TXT0080"  Text="Screen Name:"  Severity="00" Type="MessageText"/>

  <Literal LiteralID = "TXT0081"  Text="Tasti di comando:"  Severity="00" Type="MessageText"/>

  <Literal LiteralID = "TXT0082"  Text="Titolo:"  Severity="00" Type="MessageText"/>

  <Literal LiteralID = "TXT0083"  Text="Servlet Classe:" Severity="00" Type="MessageText"/>

  <Literal LiteralID = "TXT0084"  Text="Larghezza:" Severity="00" Type="MessageText"/>

  <Literal LiteralID = "TXT0085"  Text="F3 = Uscita" Severity="00" Type="MessageText"/>

  <Literal LiteralID = "TXT0086"  Text="Altezza:" Severity="00" Type="MessageText"/>

  <Literal LiteralID = "TXT0087"  Text="F4 = Prompt" Severity="00" Type="MessageText"/>

  <Literal LiteralID = "TXT0088"  Text="Oggetti Schermo Totale:" Severity="00" Type="MessageText"/>

  <Literal LiteralID = "TXT0089"  Text="F5 = Expand Messaggi" Severity="00" Type="MessageText"/>

  <Literal LiteralID = "TXT0090"  Text="Mostra Script Suggerimenti:" Severity="00" Type="MessageText"/>

  <Literal LiteralID = "TXT0091"  Text="Annullare" Severity="00" Type="MessageText"/>

  <Literal LiteralID = "TXT0092"  Text="Richiesta non completa: Errori Sotto Recensione" Severity="00" Type="MessageText"/>

  <Literal LiteralID = "TXT0093"  Text="Richiesta Server Completato" Severity="00" Type="MessageText"/>

  <Literal LiteralID = "TXT0094"  Text="deve essere numerico" Severity="00" Type="MessageText"/>

  <Literal LiteralID = "TXT0095"  Text="deve essere una data valida" Severity="00" Type="MessageText"/>

  <Literal LiteralID = "TXT0096"  Text="deve essere un tempo valido come" Severity="00" Type="MessageText"/>

  <Literal LiteralID = "TXT0097"  Text="Trova successivo" Severity="00" Type="MessageText"/>

  <Literal LiteralID = "TXT0098"  Text="Il file non può essere importato" Severity="00" Type="MessageText"/>

  <Literal LiteralID = "TXT0099"  Text="Dettagli" Severity="00" Type="MessageText"/>
  
  <Literal LiteralID = "TXT0100"  Text="Icone" Severity="00" Type="MessageText"/>

  <Literal LiteralID = "TXT0101"  Text="Importa documento" Severity="00" Type="MessageText"/>

  <Literal LiteralID = "TXT0102"  Text="Visualizza documento" Severity="00" Type="MessageText"/>

  <Literal LiteralID = "TXT0103"  Text="Elimina documento" Severity="00" Type="MessageText"/>
 
  <Literal LiteralID = "TXT0104"  Text="Sfogliare" Severity="00" Type="MessageText"/>

  <Literal LiteralID = "TXT0105"  Text="Impossibile trovare il file" Severity="00" Type="MessageText"/>

  <Literal LiteralID = "TXT0106"  Text="Il file non può essere salvato" Severity="00" Type="MessageText"/>

  <Literal LiteralID = "TXT0107"  Text="Importazione" Severity="00" Type="MessageText"/>

  <Literal LiteralID = "TXT0108"  Text="Esportazione" Severity="00" Type="MessageText"/>

  <Literal LiteralID = "TXT0109"  Text="formato del file non corretto" Severity="00" Type="MessageText"/>

  <Literal LiteralID = "TXT0110"  Text="Mostra / Nascondi password" Severity="00" Type="MessageText"/>

  <Literal LiteralID = "TXT0111"  Text="Creare password" Severity="00" Type="MessageText"/>

  <Literal LiteralID = "TXT0112"  Text="Come" Severity="00" Type="MessageText"/>

  <Literal LiteralID = "TXT0113"  Text="Inizia con" Severity="00" Type="MessageText"/>

  <Literal LiteralID = "TXT0114"  Text="Finisce con" Severity="00" Type="MessageText"/>

  <Literal LiteralID = "TXT0115"  Text="Meno di" Severity="00" Type="MessageText"/>

  <Literal LiteralID = "TXT0116"  Text="Grande poi" Severity="00" Type="MessageText"/>

  <Literal LiteralID = "TXT0117"  Text="Pari a" Severity="00" Type="MessageText"/>

  <Literal LiteralID = "TXT0118"  Text="Non è uguale a" Severity="00" Type="MessageText"/>

  <Literal LiteralID = "TXT0119"  Text="Stampa" Severity="00" Type="MessageText"/>
 
  <Literal LiteralID = "TXT0120"  Text="Copia tabella negli appunti" Severity="00" Type="MessageText"/>

  <Literal LiteralID = "TXT0121"  Text="Taglio" Severity="00" Type="MessageText"/>
 
  <Literal LiteralID = "TXT0122"  Text="Copia" Severity="00" Type="MessageText"/>

  <Literal LiteralID = "TXT0123"  Text="Pasta" Severity="00" Type="MessageText"/>

  <Literal LiteralID = "TXT0124"  Text="Fonte" Severity="00" Type="MessageText"/>

  <Literal LiteralID = "TXT0125"  Text="Esportazione del documento" Severity="00" Type="MessageText"/>

  <Literal LiteralID = "TXT0126"  Text="Trova e sostituisci" Severity="00" Type="MessageText"/>

  <Literal LiteralID = "TXT0127"  Text="Temi del desktop" Severity="00" Type="MessageText"/>

  <Literal LiteralID = "TXT0128"  Text="F1 = Dock Window" Severity="00" Type="MessageText"/>

  <Literal LiteralID = "TXT0129"  Text="F2 = Selezionare Menu" Severity="00" Type="MessageText"/>


</Literals>

