<?xml version="1.0" encoding="UTF-8"?>

<!--	 **Script Builder 4.0 -  www.ossfree.net *  -->
<!--	 	 Script Name :  CCMenu -->
<!--	 	 Description :  Web Kee Pass -->
<!--	 	 File Path :  /home/pjones/Projects/JavaProjects/WebKeepass/wkp/jakarta-tomcat-5.5.7/webapps/ROOT/XML/ENG/CCMenu.xml -->
<!--	 	 Last Update :  09-Aug-2010 -->
<!--	 	 User Profile:  root -->
<SCRIPT SCRIPT_NAME="CCMenu" DOCUMENT_TYPE="Menu" DESCRIPTION="Kee Pass Web" Screen_Title="Web Kee Pass">
  <SubMenu DESCRIPTION="Lavoro con la mia password" LINK="WKP-MyPasswords" QUICK_LINK="FALSE">
    <Script DESCRIPTION="Il mio profilo password" ICON="WKP8.jpg" LINK="KeePass006" QUICK_LINK="TRUE" />
    <Script DESCRIPTION="Modifica la mia Password" ICON="WKP1.jpg" LINK="KeePass002" QUICK_LINK="TRUE" />
    <Script DESCRIPTION="La mia password per categoria" ICON="WKP6.jpg" LINK="KeePass001" QUICK_LINK="TRUE" />
  </SubMenu>
  <SubMenu DESCRIPTION="Lavora con password condivise" LINK="WKP-SharePasswords" QUICK_LINK="FALSE">
    <SubMenu DESCRIPTION="Le password Sono Sharing" LINK="WKP-MySharePasswords" QUICK_LINK="FALSE">
      <Script DESCRIPTION="Condividi le password" ICON="WKP2.jpg" LINK="KeePass007" QUICK_LINK="TRUE" />
      <Script DESCRIPTION="Il mio profilo password condivisa" ICON="WKP4.jpg" LINK="KeePass016" QUICK_LINK="TRUE" />
    </SubMenu>
    <SubMenu DESCRIPTION="Le password condivisa To Me" LINK="WKP-MyOthersPasswords" QUICK_LINK="FALSE">
      <Script DESCRIPTION="Le password condivise da altri" ICON="WKP9.jpg" LINK="KeePass008" QUICK_LINK="TRUE" />
      <Script DESCRIPTION="Le password condivise per categoria" ICON="WKP6.jpg" LINK="KeePass013" QUICK_LINK="TRUE" />
    </SubMenu>
    <Script DESCRIPTION="Modifica Condividi Gruppi" LINK="KeePass017" QUICK_LINK="FALSE" />
    <Script DESCRIPTION="Modifica Condividi le categorie" LINK="KeePass014" QUICK_LINK="FALSE" />
  </SubMenu>
  <SubMenu DESCRIPTION="Il lavoro con gli utenti" LINK="WKP-Users" QUICK_LINK="FALSE">
    <Script DESCRIPTION="Profilo utente" ICON="WKPD.jpg" LINK="UserAdmin130" QUICK_LINK="TRUE" />
    <Script DESCRIPTION="Modificare gli utenti" ICON="WKPB.jpg" LINK="UserAdmin110" QUICK_LINK="TRUE" />
    <Script DESCRIPTION="User Group profilo" ICON="WKPC.jpg" LINK="UserAdmin120" QUICK_LINK="TRUE" />
    <Script DESCRIPTION="Modifica Gruppi di utenti" ICON="WKPA.jpg" LINK="UserAdmin100" QUICK_LINK="TRUE" />
  </SubMenu>
</SCRIPT>

