<?xml version="1.0" encoding="UTF-8"?>

<!--	 **Script Builder 2.1 *  -->
<!--	 	 Script Name :  KeePass014 -->
<!--	 	 Description :  Create Share Category -->
<!--	 	 Server Class :  server.CryptKp -->
<!--	 	 Initalization Method :   -->
<!--	 	 File Path :  C:\WebKeePass\jakarta-tomcat-5.5.7\webapps\ROOT\XML\KeePass014.xml -->
<!--	 	 Last Update :  31-Oct-2009 -->
<!--	 	 User Profile:  root -->
<SCRIPT SCRIPT_NAME="KeePass014" DOCUMENT_TYPE="Window" CLASS_NAME="server.CryptKp" AUTO_REFRESH="true" ICON="icon.jpg" DESCRIPTION="Creare una categoria di azioni" Screen_Title="Create Share Category" WIDTH="630" HEIGHT="390">
  <ButtonBar>
    <BarButton TYPE="CLEAR" DESCRIPTION="Clear / New" ICON="iClear.gif" />
    <BarButton TYPE="FIND" DESCRIPTION="Trova / Aggiorna" ICON="iFind.gif" METHOD="getCryptKeeper" />
    <BarButton TYPE="PREV" DESCRIPTION="Precedente" ICON="iPrev.gif" METHOD="prvCryptKeeper" />
    <BarButton TYPE="NEXT" DESCRIPTION="Prossimo" ICON="iNext.gif" METHOD="nxtCryptKeeper" />
    <BarButton TYPE="POST" DESCRIPTION="Aggiornamento Modifiche" ICON="iEdit.gif" METHOD="updCryptKeeper" />
  </ButtonBar>
  <Panel POSITION="Left" HIDDEN="N">
    <TextField FIELDNAME="KeeperID" DESCRIPTION="ID #" LENGTH="4" DECIMALS="0" DATA_TYPE="INT" DATA_LEN="5" POSITION="Left" PROTECTED="Y" HIDDEN="N" ZERO_FILL="N" ENCRYPT="N" />
    <TextField FIELDNAME="KeeperDesc" DESCRIPTION="Gruppo Desc." LENGTH="30" DECIMALS="0" DATA_TYPE="CHR" DATA_LEN="50" POSITION="Left" PROTECTED="N" HIDDEN="N" ZERO_FILL="N" ENCRYPT="N" />
    <TextField FIELDNAME="KeeperIcon" DESCRIPTION="Nome del file icona" LENGTH="15" DECIMALS="0" DATA_TYPE="CHR" DATA_LEN="50" POSITION="Left" PROTECTED="N" HIDDEN="N" ZERO_FILL="N" ENCRYPT="N" />
    <TextField FIELDNAME="CreateDate" DESCRIPTION="CreateDate" LENGTH="12" DECIMALS="0" DATA_TYPE="DAT" DATA_LEN="20" POSITION="Left" PROTECTED="Y" HIDDEN="N" ZERO_FILL="N" ENCRYPT="N" />
    <TextField FIELDNAME="LastUpdate" DESCRIPTION="Ultimo Aggiornamento" LENGTH="12" DECIMALS="0" DATA_TYPE="DAT" DATA_LEN="20" PROTECTED="Y" HIDDEN="N" ZERO_FILL="N" ENCRYPT="N" />
    <ComboBox FIELDNAME="PrntID" DESCRIPTION="Genitore" LENGTH="15" DATA_TYPE="CHR" POSITION="Left" ENCRYPT="N" LIST_TABLE_NAME="wkpGroups" LIST_TABLE_FIELD="KeeperID" LIST_TABLE_DESCRIPTION="KeeperDesc" LIST_TABLE_SELECTTION="j1 = :[Share-Group/]:" />
  </Panel>
</SCRIPT>

