<?xml version="1.0" encoding="UTF-8"?>

<!--	 **Script Builder 2.1 *  -->
<!--	 	 Script Name :  UserAdmin150 -->
<!--	 	 Description :  Edit Screen  -->
<!--	 	 Server Class :  webBoltOns.server.DevelopmentTools -->
<!--	 	 Initalization Method :   -->
<!--	 	 File Path :  /home/pjones/Projects/JavaProjects/WebKeePassLuke/jakarta-tomcat-5.5.7/webapps/ROOT/XML/UserAdmin150.xml -->
<!--	 	 Last Update :  18-May-2008 -->
<!--	 	 User Profile:  pjones -->
<SCRIPT SCRIPT_NAME="UserAdmin150" DOCUMENT_TYPE="Window" CLASS_NAME="webBoltOns.server.DevelopmentTools" AUTO_REFRESH="false" ICON="icon.jpg" DESCRIPTION="Schermata di modifica" Screen_Title="Edit Screen " WIDTH="680" HEIGHT="650">
  <ButtonBar>
    <BarButton TYPE="CLEAR" DESCRIPTION="Chiaro" ICON="iClear.gif" />
    <BarButton TYPE="FIND" DESCRIPTION="Carico" ICON="iFind.gif" METHOD="getScriptDetails" />
    <BarButton TYPE="POST" DESCRIPTION="Salvare" ICON="iEdit.gif" METHOD="saveScriptDetails" />
    <BarButton TYPE="PREVIEW" DESCRIPTION="Esegui test script" ICON="ePreview.gif" METHOD="runScriptPreview" />
  </ButtonBar>
  <Panel POSITION="Left" HIDDEN="N">
    <TextField FIELDNAME="ScriptID" DESCRIPTION="Script Nome" LENGTH="10" DECIMALS="0" DATA_TYPE="CHR" DATA_LEN="0" POSITION="Left" PROTECTED="N" HIDDEN="N" ZERO_FILL="N" ENCRYPT="N" LINK="UserAdmin190" PARAMETER="@ScriptFileName" METHOD="getScriptDetails" />
    <SpinnerField FIELDNAME="Wdth" DESCRIPTION="Larghezza schermo" LENGTH="7" DATA_LEN="0" POSITION="Right" />
    <TextField FIELDNAME="DescID" DESCRIPTION="Descrizione" LENGTH="25" DECIMALS="0" DATA_TYPE="CHR" DATA_LEN="0" POSITION="Left" PROTECTED="N" HIDDEN="N" ZERO_FILL="N" ENCRYPT="N" />
    <SpinnerField FIELDNAME="Hght" DESCRIPTION="Altezza" LENGTH="7" DATA_LEN="0" POSITION="Right" />
    <CheckBox FIELDNAME="aFresh" DESCRIPTION="Rinfrescare" ENCRYPT="N" />
    <TextField FIELDNAME="ClassID" DESCRIPTION="Class Server" LENGTH="25" DECIMALS="0" DATA_TYPE="CHR" DATA_LEN="0" POSITION="Left" PROTECTED="N" HIDDEN="N" ZERO_FILL="N" ENCRYPT="N" />
    <TextField FIELDNAME="MethodID" DESCRIPTION="Metodo init" LENGTH="20" DECIMALS="0" DATA_TYPE="CHR" DATA_LEN="0" POSITION="Right" PROTECTED="N" HIDDEN="N" ZERO_FILL="N" ENCRYPT="N" />
    <TextField FIELDNAME="aIcon" DESCRIPTION="Icona" LENGTH="20" DECIMALS="0" DATA_TYPE="CHR" DATA_LEN="0" POSITION="Right" PROTECTED="N" HIDDEN="N" ZERO_FILL="N" ENCRYPT="N" />
  </Panel>
  <Panel POSITION="Left" HIDDEN="N">
    <ScriptEditor FIELDNAME="SEditor" HEIGHT="470" />
  </Panel>
</SCRIPT>

