<?xml version="1.0" encoding="UTF-8"?>

<!--	 **Script Builder 1.0 *  -->
<!--	 	 Script Name :  UserAdmin210 -->
<!--	 	 Description :  Edit Report -->
<!--	 	 Server Class :  webBoltOns.server.DevelopmentTools -->
<!--	 	 Initalization Method :   -->
<!--	 	 File Path :  /usr/jRivet-2.060206-Linux/jakarta-tomcat-5.5.7/webapps/jRivetExample1/WEB-INF/XML/UserAdmin210.xml -->
<!--	 	 Last Update :  05-Feb-2006 -->
<!--	 	 User Profile:  GENERAL -->
<SCRIPT SCRIPT_NAME="UserAdmin210" DOCUMENT_TYPE="Window" CLASS_NAME="webBoltOns.server.DevelopmentTools" AUTO_REFRESH="false" DESCRIPTION="Modifica report" Screen_Title="Edit Report" WIDTH="700" HEIGHT="720">
  <ButtonBar>
    <BarButton TYPE="CLEAR" DESCRIPTION="Cancella" ICON="iClear.gif" />
    <BarButton TYPE="FIND" DESCRIPTION="Carico di Report" METHOD="getReportWriterDetails" ICON="iFind.gif" />
    <BarButton TYPE="POST" DESCRIPTION="Salva" METHOD="saveReportWriterDetails" ICON="iEdit.gif" />
  </ButtonBar>
  <Panel POSITION="Left" Hidden="N">
    <TextField DESCRIPTION="Script Nome" METHOD="getReportWriterDetails" FIELDNAME="ScriptID" LENGTH="10" DECIMALS="0" DATATYPE="CHR" DATA_LEN="12" POSITION="Left" PROTECTED="N" Hidden="N" ZERO_FILL_VALUE="N" ALIGNMENT="Left" LINK="UserAdmin190" PARAMETER="@ScriptFileName" />
    <TextField DESCRIPTION="Titolo Report" FIELDNAME="RptDesc" LENGTH="40" DECIMALS="0" DATATYPE="CHR" DATA_LEN="40" PROTECTED="N" Hidden="N" ZERO_FILL_VALUE="N" ALIGNMENT="Left" />
  </Panel>
  <Panel POSITION="Left Fill" Hidden="N">
    <TextArea FIELDNAME="SqlQry" HEIGHT="5" WIDTH="28" POSITION="Left" PROTECTED="N" />
  </Panel>
  <Panel POSITION="Left Fill" Hidden="N">
    <ReportEditor DESCRIPTION="REditor" FIELDNAME="REditor" HEIGHT="315" />
  </Panel>
</SCRIPT>

