<?xml version="1.0" encoding="UTF-8"?>

<!--	 **Script Builder 4.0 - www.ossfree.net *  -->
<!--	 	 Script Name :  UserAdmin100 -->
<!--	 	 Description :  Edit User Groups -->
<!--	 	 Server Class :  webBoltOns.server.UserSecurityManager -->
<!--	 	 Initalization Method :   -->
<!--	 	 File Path :  /home/pjones/Projects/JavaProjects/WebKeepass/wkp/jakarta-tomcat-5.5.7/webapps/ROOT/XML/ENG/UserAdmin100.xml -->
<!--	 	 Last Update :  10-Aug-2010 -->
<!--	 	 User Profile:  root -->
<SCRIPT SCRIPT_NAME="UserAdmin100" DOCUMENT_TYPE="Window" CLASS_NAME="webBoltOns.server.UserSecurityManager" AUTO_REFRESH="false" ICON="WKPA.jpg" DESCRIPTION="Modifica Gruppi di utenti" Screen_Title="Edit User Groups" WIDTH="1015" HEIGHT="680">
  <ButtonBar>
    <BarButton TYPE="CLEAR" DESCRIPTION="Chiaro" ICON="iClear.gif" />
    <BarButton TYPE="FIND" DESCRIPTION="Trova-it!" ICON="iFind.gif" METHOD="getUserGroup" />
    <BarButton TYPE="PREV" DESCRIPTION="Precedente" ICON="iPrev.gif" METHOD="prvUserGroup" />
    <BarButton TYPE="NEXT" DESCRIPTION="Prossimo" ICON="iNext.gif" METHOD="nxtUserGroup" />
    <BarButton TYPE="POST" DESCRIPTION="Aggiungi / Aggiorna" ICON="iEdit.gif" METHOD="updUserGroup" />
  </ButtonBar>
  <Panel POSITION="Left" HIDDEN="N">
    <TextField FIELDNAME="GroupID" DESCRIPTION="User Group" LENGTH="8" DECIMALS="0" DATA_TYPE="CHR" DATA_LEN="0" POSITION="Left" PROTECTED="N" HIDDEN="N" ZERO_FILL="N" ENCRYPT="N" LINK="UserAdmin120" METHOD="getUserGroup" />
    <TextField FIELDNAME="GroupDescription" DESCRIPTION="Descrizione" LENGTH="30" DECIMALS="0" DATA_TYPE="CHR" DATA_LEN="0" POSITION="Left" PROTECTED="N" HIDDEN="N" ZERO_FILL="N" ENCRYPT="N" />
  </Panel>
  <Panel DESCRIPTION="Lingua e timeous" POSITION="Right Fill" HIDDEN="N">
    <ComboBox FIELDNAME="Language" DESCRIPTION="Lingua" LENGTH="5" DATA_TYPE="CHR" POSITION="Left" ENCRYPT="N">
      <ComboItem DESCRIPTION="ENG" DEFAULT_VALUE="ENG" />
      <ComboItem DESCRIPTION="FRN" DEFAULT_VALUE="FRN" />
      <ComboItem DESCRIPTION="DUT" DEFAULT_VALUE="DUT" />
      <ComboItem DESCRIPTION="FIN" DEFAULT_VALUE="FIN" />
      <ComboItem DESCRIPTION="RUS" DEFAULT_VALUE="RUS" />
      <ComboItem DESCRIPTION="SPN" DEFAULT_VALUE="SPN" />
      <ComboItem DESCRIPTION="GER" DEFAULT_VALUE="GER" />
      <ComboItem DESCRIPTION="ITL" DEFAULT_VALUE="ITL" />
    </ComboBox>
    <SpinnerField FIELDNAME="TimeOut" DESCRIPTION="Auto Logout Dopo" LENGTH="4" DATA_LEN="5" POSITION="Left" ALIGNMENT="Left" />
  </Panel>
  <Panel DESCRIPTION="Menu Livelli di accesso" POSITION="Left Fill" HIDDEN="N">
    <MenuExplorer FIELDNAME="MenuStruct" HEIGHT="0" WIDTH="0">
      <TableTextField FIELDNAME="GroupItemDescription" DESCRIPTION="Menu Opzioni" LENGTH="15" DECIMALS="0" DATA_TYPE="CHR" DATA_LEN="0" PROTECTED="N" ZERO_FILL="N" ENCRYPT="N" />
      <TableTextField FIELDNAME="MenuItem" DESCRIPTION="Menu Nome" LENGTH="10" DECIMALS="0" DATA_TYPE="CHR" DATA_LEN="0" PROTECTED="Y" ZERO_FILL="N" ENCRYPT="N" />
      <TableTextField FIELDNAME="Type" DESCRIPTION="Menu Tipo" LENGTH="10" DECIMALS="0" DATA_TYPE="CHR" DATA_LEN="0" PROTECTED="Y" ZERO_FILL="N" ENCRYPT="N" ALIGNMENT="Center" />
      <TableComboBox FIELDNAME="AccessLevel" DESCRIPTION="Accesso" LENGTH="10" PROTECTED="N" ENCRYPT="N" ALIGNMENT="Left">
	<ComboItem DESCRIPTION="Nessun accesso" />
	<ComboItem DESCRIPTION="Richiesta Solo" />
	<ComboItem DESCRIPTION="Richiesta / aggiornamento" />
      </TableComboBox>
    </MenuExplorer>
    <Panel POSITION="Left" HIDDEN="N">
      <Button FIELDNAME="MenuItem" DESCRIPTION="Modifica script" POSITION="Left" LINK="UserAdmin150" METHOD="getScriptLink" />
    </Panel>
  </Panel>
  <Panel DESCRIPTION="Gruppo Livelli di accesso" POSITION="Right Fill" HIDDEN="N">
    <Panel HIDDEN="N">
      <CheckBox FIELDNAME="ActiveGroup" DESCRIPTION="Gruppo Attivo" POSITION="Left" ENCRYPT="N" />
      <CheckBox FIELDNAME="Administrator" DESCRIPTION="Access Administrator" POSITION="Left" ENCRYPT="N" />
      <CheckBox FIELDNAME="DeskTopTheme" DESCRIPTION="Banco di accesso a tema Top" POSITION="Left" ENCRYPT="N" />
      <CheckBox FIELDNAME="TipAccess" DESCRIPTION="Script Tips" POSITION="Left" ENCRYPT="N" />
      <CheckBox FIELDNAME="CopyAccess" DESCRIPTION="Copia tabella di accesso" POSITION="Left" ENCRYPT="N" />
      <CheckBox FIELDNAME="PrintAccess" DESCRIPTION="Stampa la tabella di accesso" POSITION="Left" ENCRYPT="N" />
    </Panel>
    <Panel HIDDEN="N">
      <TextField FIELDNAME="MenuXML" DESCRIPTION="Menu XML" LENGTH="10" DECIMALS="0" DATA_TYPE="CHR" DATA_LEN="0" POSITION="Left" PROTECTED="N" HIDDEN="N" ZERO_FILL="N" ENCRYPT="N" LINK="UserAdmin190" PARAMETER="@ScriptFileName" />
      <TextField FIELDNAME="DateFormat" DESCRIPTION="Formato data" LENGTH="9" DECIMALS="0" DATA_TYPE="CHR" DATA_LEN="0" POSITION="Left" PROTECTED="N" HIDDEN="N" ZERO_FILL="N" ENCRYPT="N" />
      <TextField FIELDNAME="LastChangeDate" DESCRIPTION="Ultimo aggiornamento" LENGTH="9" DECIMALS="0" DATA_TYPE="DAT" DATA_LEN="0" POSITION="Left" PROTECTED="N" HIDDEN="N" ZERO_FILL="N" ENCRYPT="N" />
      <TextField FIELDNAME="InActiveDate" DESCRIPTION="Data inattivi" LENGTH="9" DECIMALS="0" DATA_TYPE="DAT" DATA_LEN="0" POSITION="Left" PROTECTED="N" HIDDEN="N" ZERO_FILL="N" ENCRYPT="N" />
      <TextField FIELDNAME="ActiveDate" DESCRIPTION="Data attivo" LENGTH="9" DECIMALS="0" DATA_TYPE="DAT" DATA_LEN="0" POSITION="Left" PROTECTED="N" HIDDEN="N" ZERO_FILL="N" ENCRYPT="N" />
      <ComboBox FIELDNAME="AccessMethod" DESCRIPTION="Server di accedere ad" LENGTH="4" DATA_TYPE="CHR" POSITION="Left" ENCRYPT="N">
	<ComboItem DESCRIPTION="HTTP" />
	<ComboItem DESCRIPTION="RMI" />
	<ComboItem DESCRIPTION="PRESA" />
      </ComboBox>
    </Panel>
  </Panel>
</SCRIPT>

