<?xml version="1.0" encoding="UTF-8"?>

<!--	 **Script Builder 1.0 *  -->
<!--	 	 Script Name :  UserAdmin140 -->
<!--	 	 Description :  User/Group Word Pad -->
<!--	 	 Server Class :  webBoltOns.server.UserSecurityManager -->
<!--	 	 Initalization Method :   -->
<!--	 	 File Path :  C:\jRivet-1.050810\jakarta-tomcat-5.0.19\webapps\jRivetExample1\WEB-INF\TrialScreens\UserAdmin140.xml -->
<!--	 	 Last Update :  08-Aug-2005 -->
<!--	 	 User Profile:  DEFAULT -->
<SCRIPT SCRIPT_NAME="UserAdmin140" DESCRIPTION="Utente / gruppo Word Pad" Screen_Title="User/Group Word Pad" WIDTH="445" HEIGHT="580" CLASS_NAME="webBoltOns.server.UserSecurityManager">
  <ButtonBar>
    <BarButton TYPE="FIND" DESCRIPTION="Find-it!" METHOD="getNotes" ICON="iFind.gif" />
    <BarButton TYPE="EDIT" DESCRIPTION="Aggiungi / Aggiorna" METHOD="updNotes" ICON="iEdit.gif" />
  </ButtonBar>
  <Panel POSITION="Left">
    <TextField DESCRIPTION="ID gruppo" FIELDNAME="GroupID" LENGTH="10" DECIMALS="0" DATATYPE="CHR" DATA_LEN="0" POSITION="Left" PROTECTED="Y" />
    <TextField DESCRIPTION="User ID" FIELDNAME="UserID" LENGTH="10" DECIMALS="0" DATATYPE="CHR" DATA_LEN="0" PROTECTED="Y" />
  </Panel>
  <Panel POSITION="Left">
    <TextArea FIELDNAME="Notes" HEIGHT="15" WIDTH="20" POSITION="Left" PROTECTED="N" />
  </Panel>
</SCRIPT>

