<?xml version="1.0" encoding="UTF-8"?>

<!--	 **Script Builder 1.0 *  -->
<!--	 	 Script Name :  TimeEntry170 -->
<!--	 	 Description :  Edit Employees -->
<!--	 	 Server Class :  TimeEntryEmployees -->
<!--	 	 File Path :  C:\java\jakarta-tomcat-5.0.19\webapps\timeEntry\scripts\TimeEntry170.xml -->
<!--	 	 Last Update :  04-Feb-2005 -->
<!--	 	 User Profile:  DEFAULT -->
<SCRIPT SCRIPT_NAME="TimeEntry170" DESCRIPTION="Edit Employees" WIDTH="510" HEIGHT="480" CLASS_NAME="TimeEntryEmployees">
  <ButtonBar>
    <BarButton TYPE="CLEAR" DESCRIPTION="Clear      " ICON="iClear.gif" />
    <BarButton TYPE="FIND" DESCRIPTION="Find Employee" METHOD="getEmployees" ICON="iFind.gif" />
    <BarButton TYPE="EDIT" DESCRIPTION="Update Employee" METHOD="updEmployees" ICON="iEdit.gif" />
    <BarButton TYPE="PREV" DESCRIPTION="Prevoius" METHOD="prvEmployees" ICON="iPrev.gif" />
    <BarButton TYPE="NEXT" DESCRIPTION="Next" METHOD="nxtEmployees" ICON="iNext.gif" />
  </ButtonBar>
  <Panel POSITION="Left">
    <TextField DESCRIPTION="Employee ID" METHOD="getEmployees" FIELDNAME="EmployeeID" LENGTH="8" DECIMALS="0" WIDTH="0" DATATYPE="INT" DATA_LEN="8" POSITION="Left" PROTECTED="N" LINK="TimeEntry180" />
    <TextField DESCRIPTION="Employee Number" FIELDNAME="EmployeeNumber" LENGTH="15" DECIMALS="0" WIDTH="0" DATATYPE="CHR" DATA_LEN="30" POSITION="Left" PROTECTED="N" ALIGNMENT="Left" />
    <TextField DESCRIPTION="Name" FIELDNAME="FirstName" LENGTH="15" DECIMALS="0" WIDTH="15" DATATYPE="CHR" DATA_LEN="15" POSITION="Left" PROTECTED="N" ALIGNMENT="Left" />
    <TextField FIELDNAME="LastName" LENGTH="15" DECIMALS="0" WIDTH="15" DATATYPE="CHR" DATA_LEN="15" PROTECTED="N" ALIGNMENT="Left" />
    <TextField DESCRIPTION="Title" FIELDNAME="Title" LENGTH="15" DECIMALS="0" WIDTH="15" DATATYPE="CHR" DATA_LEN="25" POSITION="Left" PROTECTED="N" ALIGNMENT="Left" />
    <TextField DESCRIPTION="Billing Rate" FIELDNAME="BillingRate" LENGTH="10" DECIMALS="2" WIDTH="0" DATATYPE="FLT" DATA_LEN="11" POSITION="Left" PROTECTED="N" ALIGNMENT="Left" />
  </Panel>
  <Panel POSITION="Left Fill">
    <TextField DESCRIPTION="Work Phone" FIELDNAME="WorkPhone" LENGTH="11" DECIMALS="0" WIDTH="0" DATATYPE="CHR" DATA_LEN="11" POSITION="Left" PROTECTED="N" ALIGNMENT="Left" />
    <TextField DESCRIPTION="Extension" FIELDNAME="Extension" LENGTH="6" DECIMALS="0" WIDTH="0" DATATYPE="CHR" DATA_LEN="6" PROTECTED="N" ALIGNMENT="Left" />
  </Panel>
  <Panel DESCRIPTION="Address" POSITION="Left Fill">
    <TextField FIELDNAME="Address" LENGTH="30" DECIMALS="0" WIDTH="0" DATATYPE="CHR" DATA_LEN="30" POSITION="Left" PROTECTED="N" ALIGNMENT="Left" />
    <TextField FIELDNAME="City" LENGTH="30" DECIMALS="0" WIDTH="0" DATATYPE="CHR" DATA_LEN="30" POSITION="Left" PROTECTED="N" ALIGNMENT="Left" />
    <TextField FIELDNAME="StateOrProvince" LENGTH="5" DECIMALS="0" WIDTH="0" DATATYPE="CHR" DATA_LEN="5" POSITION="Left" PROTECTED="N" ALIGNMENT="Left" />
    <TextField FIELDNAME="PostalCode" LENGTH="10" DECIMALS="0" WIDTH="0" DATATYPE="CHR" DATA_LEN="10" PROTECTED="N" ALIGNMENT="Left" />
    <TextField FIELDNAME="Country " LENGTH="30" DECIMALS="0" WIDTH="0" DATATYPE="CHR" DATA_LEN="30" POSITION="Left" PROTECTED="N" ALIGNMENT="Left" />
  </Panel>
</SCRIPT>

