<?xml version="1.0" encoding="UTF-8"?>

<!--	 **Script Builder 1.0 *  -->
<!--	 	 Script Name :  TimeEntry130 -->
<!--	 	 Description :  Time Card Profiles -->
<!--	 	 Server Class :  TimeEntryTimeCards -->
<!--	 	 File Path :  C:\java\Tomcat5.5\webapps\timeEntry\scripts\TimeEntry130.xml -->
<!--	 	 Last Update :  29-Jan-2005 -->
<!--	 	 User Profile:  DEFAULT -->
<SCRIPT SCRIPT_NAME="TimeEntry130" DESCRIPTION="Time Card Profiles" WIDTH="451" HEIGHT="577" CLASS_NAME="TimeEntryTimeCards">
  <ButtonBar>
    <BarButton TYPE="CLEAR" DESCRIPTION="Clear      " ICON="iClear.gif" />
    <BarButton TYPE="FIND" DESCRIPTION="Search Time Cards" METHOD="getTimeCardsList" ICON="iFind.gif" />
  </ButtonBar>
  <Panel DESCRIPTION="Search Values" POSITION="Left Fill">
    <TextField DESCRIPTION="TimeCard ID" FIELDNAME="@TimeCardID" LENGTH="10" DECIMALS="0" WIDTH="0" DATATYPE="INT" DATA_LEN="0" POSITION="Left" PROTECTED="N" />
  </Panel>
  <Table FIELDNAME="TimeCardTable" HEIGHT="15" WIDTH="0" POSITION="Left">
    <TableTextField DESCRIPTION="TimeCardID" FIELDNAME="TimeCardID" LENGTH="10" DECIMALS="0" WIDTH="0" DATATYPE="INT" PROTECTED="Y" ALIGNMENT="Center" />
    <TableTextField DESCRIPTION="EmployeeID" FIELDNAME="EmployeeID" LENGTH="5" DECIMALS="0" WIDTH="5" DATATYPE="INT" PROTECTED="Y" />
    <TableTextField DESCRIPTION="Date Entered" FIELDNAME="DateEntered" LENGTH="10" DECIMALS="0" WIDTH="0" DATATYPE="DAT" PROTECTED="Y" />
  </Table>
  <Panel POSITION="Left">
    <Button DESCRIPTION="Edit Time Card" METHOD="getTimeCards" POSITION="Left" LINK="TimeEntry120" />
    <Button DESCRIPTION="Edit Time Card" METHOD="getTimeCards" LINK="TimeEntry120" />
  </Panel>
</SCRIPT>

