<?xml version="1.0" encoding="UTF-8"?>

<!--	 **Script Builder 1.0 *  -->
<!--	 	 Script Name :  TimeEntry150 -->
<!--	 	 Description :  Edit Projects -->
<!--	 	 Server Class :  TimeEntryProjects -->
<!--	 	 Initalization Method :   -->
<!--	 	 File Path :  C:\java\jakarta-tomcat-5.0.19\webapps\timeEntry\scripts\TimeEntry150.xml -->
<!--	 	 Last Update :  05-Mar-2005 -->
<!--	 	 User Profile:  DEFAULT -->
<SCRIPT SCRIPT_NAME="TimeEntry150" Screen_Title="Edit Projects" WIDTH="480" HEIGHT="370" CLASS_NAME="TimeEntryProjects">
  <ButtonBar>
    <BarButton TYPE="CLEAR" DESCRIPTION="Clear      " ICON="iClear.gif" />
    <BarButton TYPE="FIND" DESCRIPTION="Find Project" METHOD="getProjects" ICON="iFind.gif" />
    <BarButton TYPE="EDIT" DESCRIPTION="Update Project" METHOD="updProjects" ICON="iEdit.gif" />
    <BarButton TYPE="PREV" DESCRIPTION="Prevoius" METHOD="prvProjects" ICON="iPrev.gif" />
    <BarButton TYPE="NEXT" DESCRIPTION="Next" METHOD="nxtProjects" ICON="iNext.gif" />
  </ButtonBar>
  <Panel POSITION="Left">
    <TextField DESCRIPTION="Project Number" METHOD="getProjects" FIELDNAME="ProjectID" LENGTH="8" DECIMALS="0" DATATYPE="INT" DATA_LEN="8" POSITION="Left" PROTECTED="N" LINK="TimeEntry160" />
    <TextField FIELDNAME="ProjectDescription" LENGTH="30" DECIMALS="0" DATATYPE="CHR" DATA_LEN="30" POSITION="Left" PROTECTED="N" ALIGNMENT="Left" />
    <TextField DESCRIPTION="Project Name " FIELDNAME="ProjectName" LENGTH="15" DECIMALS="0" DATATYPE="CHR" DATA_LEN="15" POSITION="Left" PROTECTED="N" ALIGNMENT="Left" />
    <TextField DESCRIPTION="Client ID" METHOD="getClientCompanyName" FIELDNAME="ClientID" LENGTH="8" DECIMALS="0" DATATYPE="INT" DATA_LEN="8" POSITION="Left" PROTECTED="N" ALIGNMENT="Left" LINK="TimeEntry110" PARAMETER="&amp;ClientID" />
    <TextField FIELDNAME="CompanyName" LENGTH="20" DECIMALS="0" DATATYPE="CHR" DATA_LEN="20" PROTECTED="Y" ALIGNMENT="Left" />
    <TextField DESCRIPTION="Purchase Order Number " FIELDNAME="PurchaseOrderNumber" LENGTH="30" DECIMALS="0" DATATYPE="CHR" DATA_LEN="30" POSITION="Left" PROTECTED="N" ALIGNMENT="Left" />
    <TextField DESCRIPTION="Billing Estimate " FIELDNAME="ProjectTotalBillingEstimate" LENGTH="8" DECIMALS="2" DATATYPE="FLT" DATA_LEN="10" POSITION="Left" PROTECTED="N" ALIGNMENT="Right" />
    <TextField DESCRIPTION="Employee ID " FIELDNAME="EmployeeID" LENGTH="8" DECIMALS="0" DATATYPE="INT" DATA_LEN="8" POSITION="Left" PROTECTED="N" ALIGNMENT="Left" LINK="TimeEntry180" />
    <TextField FIELDNAME="EmployeeName" LENGTH="20" DECIMALS="0" DATATYPE="CHR" DATA_LEN="20" PROTECTED="Y" ALIGNMENT="Left" />
    <TextField DESCRIPTION="Begin Date" FIELDNAME="ProjectBeginDate" LENGTH="10" DECIMALS="0" DATATYPE="DAT" DATA_LEN="11" POSITION="Left" PROTECTED="N" ALIGNMENT="Left" />
    <TextField DESCRIPTION="End Date" FIELDNAME="ProjectEndDate" LENGTH="10" DECIMALS="0" DATATYPE="DAT" DATA_LEN="11" POSITION="Left" PROTECTED="N" ALIGNMENT="Left" />
  </Panel>
</SCRIPT>

