<?xml version="1.0" encoding="UTF-8"?>

<!--	 **Script Builder 1.0 *  -->
<!--	 	 Script Name :  TimeEntry180 -->
<!--	 	 Description :  Employee Profiles  -->
<!--	 	 Server Class :  TimeEntryEmployees -->
<!--	 	 File Path :  C:\java\jakarta-tomcat-5.0.19\webapps\timeEntry\scripts\TimeEntry180.xml -->
<!--	 	 Last Update :  15-Feb-2005 -->
<!--	 	 User Profile:  DEFAULT -->
<SCRIPT SCRIPT_NAME="TimeEntry180" DESCRIPTION="Employee Profiles " WIDTH="830" HEIGHT="577" CLASS_NAME="TimeEntryEmployees">
  <ButtonBar>
    <BarButton TYPE="CLEAR" DESCRIPTION="Clear      " ICON="iClear.gif" />
    <BarButton TYPE="FIND" DESCRIPTION="Search Employees" METHOD="getEmployeesList" ICON="iFind.gif" />
  </ButtonBar>
  <Panel DESCRIPTION="Search Values" POSITION="Left Fill">
    <TextField DESCRIPTION="Employee ID" FIELDNAME="@EmployeeID" LENGTH="10" DECIMALS="0" WIDTH="0" DATATYPE="CHR" DATA_LEN="0" POSITION="Left" PROTECTED="N" />
    <TextField DESCRIPTION="Name" FIELDNAME="@FirstName" LENGTH="15" DECIMALS="0" WIDTH="0" DATATYPE="CHR" DATA_LEN="0" PROTECTED="N" />
    <TextField FIELDNAME="@LastName" LENGTH="15" DECIMALS="0" WIDTH="0" DATATYPE="CHR" DATA_LEN="0" PROTECTED="N" />
    <TextField DESCRIPTION="Title" FIELDNAME="@Title" LENGTH="20" DECIMALS="0" WIDTH="0" DATATYPE="CHR" DATA_LEN="0" PROTECTED="N" />
  </Panel>
  <Table FIELDNAME="Table1" HEIGHT="15" WIDTH="0" POSITION="Left">
    <TableTextField DESCRIPTION="Employee ID" FIELDNAME="EmployeeID" LENGTH="10" DECIMALS="0" WIDTH="0" DATATYPE="INT" PROTECTED="Y" ALIGNMENT="Center" />
    <TableTextField DESCRIPTION="Employee Number" FIELDNAME="EmployeeNumber" LENGTH="10" DECIMALS="0" WIDTH="0" DATATYPE="CHR" PROTECTED="Y" ALIGNMENT="Center" />
    <TableTextField DESCRIPTION="First Name" FIELDNAME="FirstName" LENGTH="10" DECIMALS="0" WIDTH="0" DATATYPE="CHR" PROTECTED="Y" />
    <TableTextField DESCRIPTION="Last Name" FIELDNAME="LastName" LENGTH="10" DECIMALS="0" WIDTH="0" DATATYPE="CHR" PROTECTED="Y" />
    <TableTextField DESCRIPTION="Title" FIELDNAME="Title" LENGTH="10" DECIMALS="0" WIDTH="0" DATATYPE="CHR" PROTECTED="Y" />
  </Table>
</SCRIPT>

