<?xml version="1.0" encoding="UTF-8"?>

<!--	 **Script Builder 1.0 *  -->
<!--	 	 Script Name :  TimeEntry140 -->
<!--	 	 Description :  Client Note Pad -->
<!--	 	 Server Class :  TimeEntryClient -->
<!--	 	 File Path :  C:\java\jakarta-tomcat-5.0.19\webapps\timeEntry\scripts\TimeEntry140.xml -->
<!--	 	 Last Update :  02-Feb-2005 -->
<!--	 	 User Profile:  DEFAULT -->
<SCRIPT SCRIPT_NAME="TimeEntry140" DESCRIPTION="Client Note Pad" WIDTH="468" HEIGHT="550" CLASS_NAME="TimeEntryClient">
  <ButtonBar>
    <BarButton TYPE="CLEAR" DESCRIPTION="Clear " ICON="iClear.gif" />
    <BarButton TYPE="FIND" DESCRIPTION="Find " METHOD="getClientNotes" ICON="iFind.gif" />
    <BarButton TYPE="EDIT" DESCRIPTION="Update" METHOD="updClientNotes" ICON="iEdit.gif" />
  </ButtonBar>
  <Panel POSITION="Left">
    <Panel POSITION="Left">
      <TextField DESCRIPTION="Client" FIELDNAME="ClientID" LENGTH="8" DECIMALS="0" WIDTH="8" DATATYPE="INT" DATA_LEN="8" POSITION="Left" PROTECTED="Y" ALIGNMENT="Left" />
      <TextField FIELDNAME="ContactFirstName" LENGTH="18" DECIMALS="0" WIDTH="18" DATATYPE="CHR" DATA_LEN="20" PROTECTED="Y" ALIGNMENT="Left" />
      <TextField FIELDNAME="ContactLastName" LENGTH="18" DECIMALS="0" WIDTH="18" DATATYPE="CHR" DATA_LEN="20" PROTECTED="Y" ALIGNMENT="Left" />
    </Panel>
    <TextArea FIELDNAME="Notes" LENGTH="20" HEIGHT="15" POSITION="Left" PROTECTED="N" />
  </Panel>
</SCRIPT>

