<?xml version="1.0" encoding="UTF-8"?>

<!--	 **Script Builder 1.0 *  -->
<!--	 	 Script Name :  TimeEntry160 -->
<!--	 	 Description :  Projectt Profiles  -->
<!--	 	 Server Class :  TimeEntryProjects -->
<!--	 	 Initalization Method :   -->
<!--	 	 File Path :  C:\java\jakarta-tomcat-5.0.19\webapps\timeEntry\scripts\TimeEntry160.xml -->
<!--	 	 Last Update :  05-Mar-2005 -->
<!--	 	 User Profile:  DEFAULT -->
<SCRIPT SCRIPT_NAME="TimeEntry160" Screen_Title="Projectt Profiles " WIDTH="830" HEIGHT="577" CLASS_NAME="TimeEntryProjects">
  <ButtonBar>
    <BarButton TYPE="CLEAR" DESCRIPTION="Clear      " ICON="iClear.gif" />
    <BarButton TYPE="FIND" DESCRIPTION="Search Projects" METHOD="getProjectsList" ICON="iFind.gif" />
  </ButtonBar>
  <Panel DESCRIPTION="Search Values" POSITION="Left Fill">
    <TextField DESCRIPTION="Project ID " FIELDNAME="@ProjectID" LENGTH="10" DECIMALS="0" DATATYPE="CHR" DATA_LEN="0" POSITION="Left" PROTECTED="N" />
    <TextField DESCRIPTION="Project Name" FIELDNAME="@ProjectName" LENGTH="25" DECIMALS="0" DATATYPE="CHR" DATA_LEN="0" PROTECTED="N" />
    <TextField DESCRIPTION="Client ID" FIELDNAME="@ClientID" LENGTH="6" DECIMALS="0" DATATYPE="INT" DATA_LEN="0" PROTECTED="N" LINK="TimeEntry110" />
    <TextField DESCRIPTION="Purchase Order" FIELDNAME="@PurchaseOrderNumber" LENGTH="12" DECIMALS="0" DATATYPE="CHR" DATA_LEN="0" PROTECTED="N" />
  </Panel>
  <Table FIELDNAME="Table1" HEIGHT="15" WIDTH="0" POSITION="Left">
    <TableTextField DESCRIPTION="Project ID" FIELDNAME="ProjectID" LENGTH="5" DECIMALS="11" WIDTH="10" DATATYPE="INT" PROTECTED="Y" ALIGNMENT="Center" />
    <TableTextField DESCRIPTION="Project Name" FIELDNAME="ProjectName" LENGTH="12" DECIMALS="0" WIDTH="0" DATATYPE="CHR" PROTECTED="Y" />
    <TableTextField DESCRIPTION="Client ID" FIELDNAME="ClientID" LENGTH="6" DECIMALS="11" WIDTH="0" DATATYPE="INT" PROTECTED="Y" />
    <TableTextField DESCRIPTION="Purchase Order" FIELDNAME="PurchaseOrderNumber" LENGTH="12" DECIMALS="0" WIDTH="12" DATATYPE="CHR" PROTECTED="Y" />
    <TableTextField DESCRIPTION="End Date" FIELDNAME="ProjectEndDate" LENGTH="8" DECIMALS="0" WIDTH="0" DATATYPE="DAT" PROTECTED="Y" ALIGNMENT="Center" />
    <TableTextField DESCRIPTION="Start Date" FIELDNAME="ProjectBeginDate" LENGTH="8" DECIMALS="0" WIDTH="0" DATATYPE="DAT" PROTECTED="Y" ALIGNMENT="Center" />
  </Table>
</SCRIPT>

