<?xml version="1.0" encoding="UTF-8"?>

<!--	 **Script Builder 1.0 *  -->
<!--	 	 Script Name :  TimeEntry120 -->
<!--	 	 Description :  Enter Time Cards -->
<!--	 	 Server Class :  TimeEntryTimeCards -->
<!--	 	 Initalization Method :  initTimeCards -->
<!--	 	 File Path :  C:\java\jakarta-tomcat-5.0.19\webapps\timeEntry\scripts\TimeEntry120.xml -->
<!--	 	 Last Update :  05-Mar-2005 -->
<!--	 	 User Profile:  DEFAULT -->
<SCRIPT SCRIPT_NAME="TimeEntry120" DESCRIPTION="Enter Time Cards" Screen_Title="Enter Time Cards" WIDTH="640" HEIGHT="500" CLASS_NAME="TimeEntryTimeCards" METHOD="initTimeCards">
  <ButtonBar>
    <BarButton TYPE="CLEAR" DESCRIPTION="Clear      " ICON="iClear.gif" />
    <BarButton TYPE="FIND" DESCRIPTION="Find Card" METHOD="getTimeCards" ICON="iFind.gif" />
    <BarButton TYPE="EDIT" DESCRIPTION="Update Card" METHOD="updTimeCards" ICON="iEdit.gif" />
    <BarButton TYPE="PREV" DESCRIPTION="Prevoius Card" METHOD="prvTimeCards" ICON="iPrev.gif" />
    <BarButton TYPE="NEXT" DESCRIPTION="Next Card" METHOD="nxtTimeCards" ICON="iNext.gif" />
    <BarButton TYPE="NEWLINE" DESCRIPTION="New Line" />
  </ButtonBar>
  <Panel POSITION="Left">
    <TextField DESCRIPTION="Employee" FIELDNAME="EmployeeID" LENGTH="5" DECIMALS="0" DATATYPE="CHR" DATA_LEN="0" POSITION="Left" PROTECTED="N" LINK="TimeEntry180" />
    <TextField FIELDNAME="EmployeeName" LENGTH="20" DECIMALS="0" DATATYPE="CHR" DATA_LEN="0" PROTECTED="Y" />
    <TextField DESCRIPTION="  Date Entered" FIELDNAME="DateEntered" LENGTH="8" DECIMALS="0" DATATYPE="DAT" DATA_LEN="0" POSITION="Right" PROTECTED="N" />
    <TextField DESCRIPTION="Time Cards Number" METHOD="getTimeCards" FIELDNAME="TimeCardID" LENGTH="8" DECIMALS="0" DATATYPE="INT" DATA_LEN="0" POSITION="Left" PROTECTED="N" LINK="TimeEntry130" />
    <Button DESCRIPTION="Expenses" METHOD="getTimeCardExpenses" FIELDNAME="Expenses" POSITION="Right" LINK="TimeEntry190" />
  </Panel>
  <Table FIELDNAME="TimeCardHoursTable" HEIGHT="12" WIDTH="7" POSITION="Left">
    <TableTextField DESCRIPTION="Date Worked" FIELDNAME="DateWorked" LENGTH="8" DECIMALS="0" WIDTH="8" DATATYPE="DAT" PROTECTED="N" ALIGNMENT="Center" />
    <TableTextField DESCRIPTION="Project" FIELDNAME="ProjectID" LENGTH="5" DECIMALS="0" WIDTH="5" DATATYPE="INT" PROTECTED="N" ALIGNMENT="Center" />
    <TableTextField DESCRIPTION="WorkCode1" FIELDNAME="WorkCodeID1" LENGTH="5" DECIMALS="0" WIDTH="5" DATATYPE="INT" PROTECTED="N" ALIGNMENT="Center" PARAMETER="test" />
    <TableComboBox DESCRIPTION="WorkCode" FIELDNAME="WorkCodeID" LENGTH="6" WIDTH="6" PROTECTED="N" ALIGNMENT="Left" LIST_TABLE_NAME="1" LIST_TABLE_FIELD="2" LIST_TABLE_SELECTTION="3" />
    <TableTextField DESCRIPTION="Billable Hours" FIELDNAME="BillableHours" LENGTH="5" DECIMALS="0" WIDTH="5" DATATYPE="INT" PROTECTED="N" ALIGNMENT="Right" />
    <TableTextField DESCRIPTION="Description" FIELDNAME="WorkDescription" LENGTH="15" DECIMALS="0" WIDTH="15" DATATYPE="CHR" PROTECTED="N" ALIGNMENT="Left" />
  </Table>
</SCRIPT>

