<?xml version="1.0" encoding="UTF-8"?>

<!--	 **Script Builder 1.0 *  -->
<!--	 	 Script Name :  TimeEntry100 -->
<!--	 	 Description :  Edit Clients -->
<!--	 	 Server Class :  TimeEntryClient -->
<!--	 	 Initalization Method :   -->
<!--	 	 File Path :  C:\java\jakarta-tomcat-5.0.19\webapps\timeEntry\scripts\TimeEntry100.xml -->
<!--	 	 Last Update :  05-Mar-2005 -->
<!--	 	 User Profile:  DEFAULT -->
<SCRIPT SCRIPT_NAME="TimeEntry100" DESCRIPTION="Edit Clients" Screen_Title="Edit Clients" WIDTH="655" HEIGHT="535" CLASS_NAME="TimeEntryClient">
  <ButtonBar>
    <BarButton TYPE="CLEAR" DESCRIPTION="Clear      " ICON="iClear.gif" />
    <BarButton TYPE="FIND" DESCRIPTION="Find Client" METHOD="getClients" ICON="iFind.gif" />
    <BarButton TYPE="EDIT" DESCRIPTION="Update Client" METHOD="updClients" ICON="iEdit.gif" />
    <BarButton TYPE="PREV" DESCRIPTION="Prevoius Client" METHOD="prvClients" ICON="iPrev.gif" />
    <BarButton TYPE="NEXT" DESCRIPTION="Next Client     " METHOD="nxtClients" ICON="iNext.gif" />
  </ButtonBar>
  <Panel POSITION="Left">
    <Panel POSITION="Left">
      <TextField DESCRIPTION="Client Number" METHOD="getClients" FIELDNAME="ClientID" LENGTH="8" DECIMALS="0" DATATYPE="INT" DATA_LEN="0" POSITION="Left" PROTECTED="N" LINK="TimeEntry110" PARAMETER="&amp;ClientID" />
    </Panel>
    <Panel POSITION="Left">
      <TextField DESCRIPTION="First Name" FIELDNAME="ContactFirstName" LENGTH="15" DECIMALS="0" DATATYPE="CHR" DATA_LEN="15" POSITION="Left" PROTECTED="N" ALIGNMENT="Left" />
      <TextField DESCRIPTION="Last Name" FIELDNAME="ContactLastName" LENGTH="15" DECIMALS="0" DATATYPE="CHR" DATA_LEN="15" POSITION="Left" PROTECTED="N" ALIGNMENT="Left" />
      <TextField DESCRIPTION="Address" FIELDNAME="Address" LENGTH="20" DECIMALS="0" DATATYPE="CHR" DATA_LEN="20" POSITION="Left" PROTECTED="N" ALIGNMENT="Left" />
      <TextField DESCRIPTION="City" FIELDNAME="City" LENGTH="10" DECIMALS="0" DATATYPE="CHR" DATA_LEN="10" POSITION="Left" PROTECTED="N" ALIGNMENT="Left" />
      <TextField DESCRIPTION="State/Province" FIELDNAME="StateOrProvince" LENGTH="5" DECIMALS="0" DATATYPE="CHR" DATA_LEN="5" POSITION="Left" PROTECTED="N" ALIGNMENT="Left" />
      <TextField DESCRIPTION="Country" FIELDNAME="Country" LENGTH="5" DECIMALS="0" DATATYPE="CHR" DATA_LEN="5" POSITION="Left" PROTECTED="N" ALIGNMENT="Left" />
    </Panel>
    <Panel POSITION="Right">
      <TextField DESCRIPTION="Contact Title" FIELDNAME="ContactTitle" LENGTH="20" DECIMALS="0" DATATYPE="CHR" DATA_LEN="20" POSITION="Left" PROTECTED="N" ALIGNMENT="Left" />
      <TextField DESCRIPTION="Company Name" FIELDNAME="CompanyName" LENGTH="20" DECIMALS="0" DATATYPE="CHR" DATA_LEN="20" POSITION="Left" PROTECTED="N" ALIGNMENT="Left" />
      <TextField DESCRIPTION="Phone Number" FIELDNAME="PhoneNumber" LENGTH="15" DECIMALS="0" DATATYPE="CHR" DATA_LEN="15" POSITION="Left" PROTECTED="N" ALIGNMENT="Left" />
      <TextField DESCRIPTION="Fax Number" FIELDNAME="FaxNumber" LENGTH="15" DECIMALS="0" DATATYPE="CHR" DATA_LEN="15" POSITION="Left" PROTECTED="N" ALIGNMENT="Left" />
      <TextField DESCRIPTION="Referred By" FIELDNAME="ReferredBy" LENGTH="20" DECIMALS="0" DATATYPE="CHR" DATA_LEN="20" POSITION="Left" PROTECTED="N" ALIGNMENT="Left" />
      <Button DESCRIPTION="Client Notes" METHOD="getClientNotes" FIELDNAME="CNotes" POSITION="Left" LINK="TimeEntry140" />
      <Button DESCRIPTION="New Project" FIELDNAME="NewProject" LINK="TimeEntry150" />
    </Panel>
  </Panel>
  <Table FIELDNAME="ProjectByClientTable" HEIGHT="7" WIDTH="7" POSITION="Left">
    <TableTextField DESCRIPTION="ProjectName" FIELDNAME="ProjectName" LENGTH="10" DECIMALS="0" WIDTH="0" DATATYPE="CHR" PROTECTED="N" ALIGNMENT="Left" />
    <TableTextField DESCRIPTION="Description" FIELDNAME="ProjectDescription" LENGTH="15" DECIMALS="0" WIDTH="15" DATATYPE="CHR" PROTECTED="Y" />
    <TableTextField DESCRIPTION="Start Date" FIELDNAME="ProjectBeginDate" LENGTH="7" DECIMALS="0" WIDTH="0" DATATYPE="DAT" PROTECTED="Y" />
    <TableTextField DESCRIPTION="End Date" FIELDNAME="ProjectEndDate" LENGTH="7" DECIMALS="0" WIDTH="0" DATATYPE="DAT" PROTECTED="Y" />
  </Table>
</SCRIPT>

