<?xml version="1.0" encoding="UTF-8"?>

<!--	 **Script Builder 1.0 *  -->
<!--	 	 Script Name :  TimeEntry110 -->
<!--	 	 Description :  Client Profiles  -->
<!--	 	 Server Class :  TimeEntryClient -->
<!--	 	 File Path :  C:\java\jakarta-tomcat-5.0.19\webapps\timeEntry\scripts\TimeEntry110.xml -->
<!--	 	 Last Update :  26-Feb-2005 -->
<!--	 	 User Profile:  DEFAULT -->
<SCRIPT SCRIPT_NAME="TimeEntry110" DESCRIPTION="Client Profiles " WIDTH="830" HEIGHT="577" CLASS_NAME="TimeEntryClient">
  <ButtonBar>
    <BarButton TYPE="CLEAR" DESCRIPTION="Clear      " ICON="iClear.gif" />
    <BarButton TYPE="FIND" DESCRIPTION="Search Clients" METHOD="getClientsList" ICON="iFind.gif" />
  </ButtonBar>
  <Panel DESCRIPTION="Search Values" POSITION="Left Fill">
    <TextField DESCRIPTION="Client ID" FIELDNAME="@ClientID" LENGTH="10" DECIMALS="0" DATATYPE="CHR" DATA_LEN="0" POSITION="Left" PROTECTED="N" />
  </Panel>
  <Table FIELDNAME="Table1" HEIGHT="15" WIDTH="0" POSITION="Left">
    <TableTextField DESCRIPTION="Client ID" FIELDNAME="ClientID" LENGTH="10" DECIMALS="0" WIDTH="0" DATATYPE="INT" PROTECTED="Y" ALIGNMENT="Center" PARAMETER="&amp;ClientID" />
    <TableTextField DESCRIPTION="Company Name" FIELDNAME="CompanyName" LENGTH="10" DECIMALS="0" WIDTH="0" DATATYPE="CHR" PROTECTED="Y" />
    <TableTextField DESCRIPTION="ContactTitle" FIELDNAME="ContactTitle" LENGTH="10" DECIMALS="0" WIDTH="0" DATATYPE="CHR" PROTECTED="Y" />
    <TableTextField DESCRIPTION="ContactLastName" FIELDNAME="ContactLastName" LENGTH="10" DECIMALS="0" WIDTH="0" DATATYPE="CHR" PROTECTED="Y" />
    <TableTextField DESCRIPTION="ContactFirstName" FIELDNAME="ContactFirstName" LENGTH="10" DECIMALS="0" WIDTH="0" DATATYPE="CHR" PROTECTED="Y" />
  </Table>
  <Panel POSITION="Left">
    <Button DESCRIPTION="Edit Client" METHOD="getClients" POSITION="Left" LINK="TimeEntry100" />
  </Panel>
</SCRIPT>

