<?xml version="1.0" encoding="UTF-8"?>

<!--	 **Script Builder 1.0 *  -->
<!--	 	 Script Name :  TimeEntry -->
<!--	 	 Description :  Time Entery System -->
<!--	 	 Server Class :   -->
<!--	 	 File Path :  C:\java\jakarta-tomcat-5.0.19\webapps\timeEntry\scripts\TimeEntry.xml -->
<!--	 	 Last Update :  15-Feb-2005 -->
<!--	 	 User Profile:  DEFAULT -->
<SCRIPT SCRIPT_NAME="TimeEntry" DESCRIPTION="Time Entery System" WIDTH="80" HEIGHT="280">
  <SubMenu DESCRIPTION="Clients &amp; Projects" LINK="TCLTPRT" QUICK_LINK="FALSE">
    <Script DESCRIPTION="Edit Clients" LINK="TimeEntry100" QUICK_LINK="TRUE" />
    <Script DESCRIPTION="Edit Employees" LINK="TimeEntry170" QUICK_LINK="TRUE" />
    <Script DESCRIPTION="Edit Projects" LINK="TimeEntry150" QUICK_LINK="TRUE" />
    <Script DESCRIPTION="Client Profiles" LINK="TimeEntry110" QUICK_LINK="TRUE" />
    <Script DESCRIPTION="Projects Profiles" LINK="TimeEntry160" QUICK_LINK="TRUE" />
    <Script DESCRIPTION="Emplouee Profiles" LINK="TimeEntry180" QUICK_LINK="TRUE" />
  </SubMenu>
  <SubMenu DESCRIPTION="Time Cards" LINK="TCARDS" QUICK_LINK="FALSE">
    <Script DESCRIPTION="Enter Time Cards" LINK="TimeEntry120" QUICK_LINK="TRUE" />
    <Script DESCRIPTION="Time Card Profiles" LINK="TimeEntry130" QUICK_LINK="TRUE" />
  </SubMenu>
  <SubMenu DESCRIPTION="Set Up Options" LINK="SETUPS" QUICK_LINK="FALSE">
    <Document DESCRIPTION="Web Admin" LINK="http://localhost:8080/admin/" QUICK_LINK="FALSE" />
    <Document DESCRIPTION="Web Admin - 8100" LINK="http://localhost:8100/admin/" QUICK_LINK="FALSE" />
  </SubMenu>
</SCRIPT>

