<?xml version="1.0" encoding="UTF-8"?>

<!--	 **Script Builder 1.0 *  -->
<!--	 	 Script Name :  TimeEntry190 -->
<!--	 	 Description :  Enter Expenses -->
<!--	 	 Server Class :  TimeEntryTimeCards -->
<!--	 	 File Path :  C:\java\jakarta-tomcat-5.0.19\webapps\timeEntry\scripts\TimeEntry190.xml -->
<!--	 	 Last Update :  16-Feb-2005 -->
<!--	 	 User Profile:  DEFAULT -->
<SCRIPT SCRIPT_NAME="TimeEntry190" DESCRIPTION="Enter Expenses" WIDTH="640" HEIGHT="500" CLASS_NAME="TimeEntryTimeCards">
  <ButtonBar>
    <BarButton TYPE="CLEAR" DESCRIPTION="Clear      " ICON="iClear.gif" />
    <BarButton TYPE="FIND" DESCRIPTION="Find Expenses" METHOD="getTimeCards" ICON="iFind.gif" />
    <BarButton TYPE="EDIT" DESCRIPTION="Update Expenses" METHOD="updTimeCardExpenses" ICON="iEdit.gif" />
    <BarButton TYPE="PREV" DESCRIPTION="Prevoius Card" METHOD="prvTimeCards" ICON="iPrev.gif" />
    <BarButton TYPE="NEXT" DESCRIPTION="Next Card" METHOD="nxtTimeCards" ICON="iNext.gif" />
    <BarButton TYPE="NEWLINE" DESCRIPTION="New Line" />
  </ButtonBar>
  <Panel POSITION="Left">
    <TextField DESCRIPTION="Employee" FIELDNAME="EmployeeID" LENGTH="5" DECIMALS="0" WIDTH="0" DATATYPE="CHR" DATA_LEN="0" POSITION="Left" PROTECTED="N" LINK="TimeEntry180" />
    <TextField FIELDNAME="EmployeeName" LENGTH="20" DECIMALS="0" WIDTH="0" DATATYPE="CHR" DATA_LEN="0" PROTECTED="Y" />
    <TextField DESCRIPTION="Time Cards Number" METHOD="getTimeCards" FIELDNAME="TimeCardID" LENGTH="8" DECIMALS="0" WIDTH="0" DATATYPE="INT" DATA_LEN="0" POSITION="Left" PROTECTED="N" LINK="TimeEntry130" />
    <TextField DESCRIPTION="  Date Entered" FIELDNAME="DateEntered" LENGTH="8" DECIMALS="0" WIDTH="8" DATATYPE="DAT" DATA_LEN="0" POSITION="Right" PROTECTED="N" />
  </Panel>
  <Table FIELDNAME="TimeCardExpensesTable" HEIGHT="12" WIDTH="7" POSITION="Left">
    <TableTextField DESCRIPTION="Expense Date" FIELDNAME="ExpenseDate" LENGTH="8" DECIMALS="0" WIDTH="8" DATATYPE="DAT" PROTECTED="N" ALIGNMENT="Center" />
    <TableTextField DESCRIPTION="Project" FIELDNAME="ProjectID" LENGTH="5" DECIMALS="0" WIDTH="5" DATATYPE="INT" PROTECTED="N" ALIGNMENT="Center" />
    <TableTextField DESCRIPTION="Description" FIELDNAME="ExpenseDescription" LENGTH="15" DECIMALS="0" WIDTH="5" DATATYPE="CHR" PROTECTED="N" ALIGNMENT="Center" />
    <TableTextField DESCRIPTION="Expense Amount " FIELDNAME="ExpenseAmount" LENGTH="7" DECIMALS="2" WIDTH="7" DATATYPE="FLT" PROTECTED="N" ALIGNMENT="Right" />
    <TableTextField DESCRIPTION="Code" FIELDNAME="ExpenseCodeID" LENGTH="5" DECIMALS="0" WIDTH="5" DATATYPE="CHR" PROTECTED="N" ALIGNMENT="Left" />
  </Table>
</SCRIPT>

