<?xml version="1.0" encoding="UTF-8"?>

<!--	 **Script Builder 1.0 *  -->
<!--	 	 Script Name :  Useradmin150 -->
<!--	 	 Description :  Edit Screen  -->
<!--	 	 Server Class :  webBoltOns.server.DevelopmentTools -->
<!--	 	 File Path :  C:\java\jakarta-tomcat-5.0.19\webapps\timeEntry\scripts\Useradmin150.xml -->
<!--	 	 Last Update :  05-Mar-2005 -->
<!--	 	 User Profile:  DEFAULT -->
<SCRIPT SCRIPT_NAME="Useradmin150" DESCRIPTION="Edit Screen " WIDTH="800" HEIGHT="750" CLASS_NAME="webBoltOns.server.DevelopmentTools">
  <ButtonBar>
    <BarButton TYPE="CLEAR" DESCRIPTION="Clear  " ICON="iClear.gif" />
    <BarButton TYPE="FIND" DESCRIPTION="Load    " METHOD="getScriptDetails" ICON="iFind.gif" />
    <BarButton TYPE="EDIT" DESCRIPTION="Save    " METHOD="saveScriptDetails" ICON="iEdit.gif" />
  </ButtonBar>
  <Panel POSITION="Left">
    <TextField DESCRIPTION="Script Name" FIELDNAME="ScriptID" LENGTH="10" DECIMALS="0" DATATYPE="CHR" DATA_LEN="0" POSITION="Left" PROTECTED="N" />
    <SpinnerField DESCRIPTION="  Screen Width" FIELDNAME="Wdth" LENGTH="7" POSITION="Right" />
    <TextField DESCRIPTION="Description" FIELDNAME="DescID" LENGTH="25" DECIMALS="0" DATATYPE="CHR" DATA_LEN="0" POSITION="Left" PROTECTED="N" />
    <SpinnerField DESCRIPTION="  Height" FIELDNAME="Hght" LENGTH="7" POSITION="Right" />
    <TextField DESCRIPTION="Server Class" FIELDNAME="ClassID" LENGTH="25" DECIMALS="0" DATATYPE="CHR" DATA_LEN="0" POSITION="Left" PROTECTED="N" />
    <TextField DESCRIPTION="  Initialization Method" FIELDNAME="MethodID" LENGTH="25" DECIMALS="0" DATATYPE="CHR" DATA_LEN="0" POSITION="Right" PROTECTED="N" />
  </Panel>
  <Panel POSITION="Left">
    <ScriptEditor FIELDNAME="SEditor" HEIGHT="435" />
  </Panel>
</SCRIPT>

