<?xml version="1.0" encoding="UTF-8"?>

<!--	 **Script Builder 1.0 *  -->
<!--	 	 Script Name :  UserAdmin120 -->
<!--	 	 Description :  User Group Profiles  -->
<!--	 	 Server Class :  webBoltOns.server.UserSecurityManager -->
<!--	 	 File Path :  C:\Scripts\UserAdmin120.xml -->
<!--	 	 Last Update :  20-Nov-2004 -->
<!--	 	 User Profile:  DEFAULT -->
<SCRIPT SCRIPT_NAME="UserAdmin120" DESCRIPTION="User Group Profiles " WIDTH="895" HEIGHT="575" CLASS_NAME="webBoltOns.server.UserSecurityManager">
  <ButtonBar>
    <BarButton TYPE="CLEAR" DESCRIPTION="Clear      " ICON="iClear.gif" />
    <BarButton TYPE="FIND" DESCRIPTION="Find-it!   " METHOD="getUserGroupList" ICON="iFind.gif" />
  </ButtonBar>
  <Panel DESCRIPTION="Search Values" POSITION="Left Fill">
    <TextField TYPE="CHR" DESCRIPTION="Description:" FIELDNAME="@Description" LENGTH="20" DECIMALS="0" DATATYPE="CHR" POSITION="Left" PROTECTED="N" />
    <TextField TYPE="CHR" DESCRIPTION="Menu XML" FIELDNAME="@MenuXML" LENGTH="10" DECIMALS="0" DATATYPE="CHR" PROTECTED="N" />
  </Panel>
  <Table FIELDNAME="UserGroup" HEIGHT="15">
    <TableTextField TYPE="CHR" DESCRIPTION="Group" FIELDNAME="GroupID" LENGTH="10" DECIMALS="0" DATATYPE="CHR" PROTECTED="Y" />
    <TableTextField TYPE="CHR" DESCRIPTION="Description" FIELDNAME="GroupDescription " LENGTH="15" DECIMALS="0" DATATYPE="CHR" PROTECTED="Y" />
    <TableTextField TYPE="CHR" DESCRIPTION="Menu XML" FIELDNAME="MenuXML" LENGTH="10" DECIMALS="0" DATATYPE="CHR" PROTECTED="Y" />
    <TableCheckBox DESCRIPTION="Active" FIELDNAME="ActiveGroup" />
    <TableCheckBox DESCRIPTION="Admin" FIELDNAME="Administrator" />
    <TableCheckBox DESCRIPTION="Themes" FIELDNAME="DeskTopTheme" />
    <TableCheckBox DESCRIPTION="Tips" FIELDNAME="TipAccess" />
  </Table>
  <Panel POSITION="Left">
    <Button DESCRIPTION="Edit User Group" METHOD="getUserGroup" POSITION="Left" LINK="UserAdmin100" />
  </Panel>
</SCRIPT>

