<?xml version="1.0" encoding="UTF-8"?>

<!--	 **Script Builder 1.0 *  -->
<!--	 	 Script Name :  UserAdmin100 -->
<!--	 	 Description :  Edit User Groups -->
<!--	 	 Server Class :  webBoltOns.server.UserSecurityManager -->
<!--	 	 File Path :  C:\java\scripts\UserAdmin100.xml -->
<!--	 	 Last Update :  15-Jan-2005 -->
<!--	 	 User Profile:  DEFAULT -->
<SCRIPT SCRIPT_NAME="UserAdmin100" DESCRIPTION="Edit User Groups" WIDTH="980" HEIGHT="645" CLASS_NAME="webBoltOns.server.UserSecurityManager">
  <ButtonBar>
    <BarButton TYPE="CLEAR" DESCRIPTION="Clear      " ICON="iClear.gif" />
    <BarButton TYPE="FIND" DESCRIPTION="Find-it!   " METHOD="getUserGroup" ICON="iFind.gif" />
    <BarButton TYPE="EDIT" DESCRIPTION="Add/Update " METHOD="updUserGroup" ICON="iEdit.gif" />
    <BarButton TYPE="PREV" DESCRIPTION="Prevoius   " METHOD="prvUserGroup" ICON="iPrev.gif" />
    <BarButton TYPE="NEXT" DESCRIPTION="Next       " METHOD="nxtUserGroup" ICON="iNext.gif" />
  </ButtonBar>
  <Panel POSITION="Left">
    <TextField DESCRIPTION="User Group" METHOD="getUserGroup" FIELDNAME="GroupID" LENGTH="8" DECIMALS="0" WIDTH="0" DATATYPE="CHR" DATA_LEN="0" POSITION="Left" PROTECTED="N" LINK="UserAdmin120" />
    <TextField DESCRIPTION="Description" FIELDNAME="GroupDescription" LENGTH="30" DECIMALS="0" WIDTH="0" DATATYPE="CHR" DATA_LEN="0" POSITION="Left" PROTECTED="N" />
  </Panel>
  <Panel DESCRIPTION="Menu Access Levels" POSITION="Left Fill">
    <MenuExplorer FIELDNAME="MenuStruct" HEIGHT="0" WIDTH="0">
      <TableTextField DESCRIPTION="Menu Option" FIELDNAME="GroupItemDescription" LENGTH="15" DECIMALS="0" WIDTH="0" DATATYPE="CHR" PROTECTED="N" />
      <TableTextField DESCRIPTION="Menu Name" FIELDNAME="MenuItem" LENGTH="10" DECIMALS="0" WIDTH="0" DATATYPE="CHR" PROTECTED="Y" />
      <TableTextField DESCRIPTION="Menu Type" FIELDNAME="Type" LENGTH="10" DECIMALS="0" WIDTH="0" DATATYPE="CHR" PROTECTED="Y" ALIGNMENT="Center" />
      <TableComboBox DESCRIPTION="Access" FIELDNAME="AccessLevel" LENGTH="10" WIDTH="0" PROTECTED="N" ALIGNMENT="Center">
	<ComboItem DESCRIPTION="No Access" />
	<ComboItem DESCRIPTION="Inquiry Only" />
	<ComboItem DESCRIPTION="Inquiry / Update" />
      </TableComboBox>
    </MenuExplorer>
    <Panel POSITION="Left">
      <Button DESCRIPTION="Edit Script" METHOD="getScriptLink" FIELDNAME="MenuItem" POSITION="Left" LINK="UserAdmin150" />
    </Panel>
  </Panel>
  <Panel DESCRIPTION="Group Access Levels" POSITION="Right Fill">
    <Panel>
      <CheckBox DESCRIPTION="Group Active" FIELDNAME="ActiveGroup" POSITION="Left" />
      <CheckBox DESCRIPTION="Administrator Access" FIELDNAME="Administrator" POSITION="Left" />
      <CheckBox DESCRIPTION="Desk Top Theme Access" FIELDNAME="DeskTopTheme" POSITION="Left" />
      <CheckBox DESCRIPTION="Script Tips" FIELDNAME="TipAccess" POSITION="Left" />
      <CheckBox DESCRIPTION="Table Copy Access" FIELDNAME="CopyAccess" POSITION="Left" />
      <CheckBox DESCRIPTION="Table Print Access" FIELDNAME="PrintAccess" POSITION="Left" />
    </Panel>
    <Panel>
      <TextField DESCRIPTION="Menu XML" FIELDNAME="MenuXML" LENGTH="10" DECIMALS="0" WIDTH="0" DATATYPE="CHR" DATA_LEN="0" POSITION="Left" PROTECTED="N" />
      <TextField DESCRIPTION="Date Format" FIELDNAME="DateFormat" LENGTH="9" DECIMALS="0" WIDTH="0" DATATYPE="CHR" DATA_LEN="0" POSITION="Left" PROTECTED="N" />
      <TextField DESCRIPTION="Last Update" FIELDNAME="LastChangeDate" LENGTH="9" DECIMALS="0" WIDTH="0" DATATYPE="DAT" DATA_LEN="0" POSITION="Left" PROTECTED="N" />
      <TextField DESCRIPTION="Date InActive" FIELDNAME="InActiveDate" LENGTH="9" DECIMALS="0" WIDTH="0" DATATYPE="DAT" DATA_LEN="0" POSITION="Left" PROTECTED="N" />
      <TextField DESCRIPTION="Active Date" FIELDNAME="ActiveDate" LENGTH="9" DECIMALS="0" WIDTH="0" DATATYPE="DAT" DATA_LEN="0" POSITION="Left" PROTECTED="N" />
      <ComboBox DESCRIPTION="Server Acccess" FIELDNAME="AccessMethod" LENGTH="4" DATATYPE="CHR" POSITION="Left">
	<ComboItem DESCRIPTION="HTTP" />
	<ComboItem DESCRIPTION="RMI" />
	<ComboItem DESCRIPTION="SOCKET" />
      </ComboBox>
    </Panel>
    <Panel POSITION="Left">
      <Button DESCRIPTION="Notes" METHOD="getNotes" FIELDNAME="GroupID" POSITION="Left" LINK="UserAdmin140" />
      <Button DESCRIPTION="Edit Menu XML" METHOD="getMenuLink" FIELDNAME="MenuXML" POSITION="Left" LINK="UserAdmin160" />
    </Panel>
  </Panel>
</SCRIPT>

