<?xml version="1.0" encoding="UTF-8"?>

<!--	 **Script Builder 1.0 *  -->
<!--	 	 Script Name :  useradmin130 -->
<!--	 	 Description :  User Profiles  -->
<!--	 	 Server Class :  webBoltOns.server.UserSecurityManager -->
<!--	 	 File Path :  C:\Scripts\useradmin130.xml -->
<!--	 	 Last Update :  20-Nov-2004 -->
<!--	 	 User Profile:  DEFAULT -->
<SCRIPT SCRIPT_NAME="useradmin130" DESCRIPTION="User Profiles " WIDTH="895" HEIGHT="575" CLASS_NAME="webBoltOns.server.UserSecurityManager">
  <ButtonBar>
    <BarButton TYPE="CLEAR" DESCRIPTION="Clear      " ICON="iClear.gif" />
    <BarButton TYPE="FIND" DESCRIPTION="Find-it!   " METHOD="getUserList" ICON="iFind.gif" />
  </ButtonBar>
  <Panel DESCRIPTION="Search Values" POSITION="Left Fill">
    <TextField TYPE="CHR" DESCRIPTION="Description:" FIELDNAME="@Description" LENGTH="20" DECIMALS="0" DATATYPE="CHR" POSITION="Left" PROTECTED="N" />
    <TextField TYPE="CHR" DESCRIPTION="Name" FIELDNAME="@Name" LENGTH="10" DECIMALS="0" DATATYPE="CHR" PROTECTED="N" />
    <TextField TYPE="CHR" DESCRIPTION="Group ID" FIELDNAME="@Group" LENGTH="10" DECIMALS="0" DATATYPE="CHR" PROTECTED="N" />
  </Panel>
  <Table FIELDNAME="User" HEIGHT="15" POSITION="Left">
    <TableTextField TYPE="CHR" DESCRIPTION="User ID" FIELDNAME="UserID" LENGTH="10" DECIMALS="0" DATATYPE="CHR" PROTECTED="Y" />
    <TableTextField TYPE="CHR" DESCRIPTION="Description" FIELDNAME="UserDescription" LENGTH="15" DECIMALS="0" DATATYPE="CHR" PROTECTED="Y" />
    <TableTextField TYPE="CHR" DESCRIPTION="Name" FIELDNAME="Name" LENGTH="15" DECIMALS="0" DATATYPE="CHR" PROTECTED="Y" />
    <TableTextField TYPE="CHR" DESCRIPTION="Group ID" FIELDNAME="GroupID" LENGTH="10" DECIMALS="0" DATATYPE="CHR" PROTECTED="Y" />
    <TableCheckBox DESCRIPTION="Active" FIELDNAME="ActiveUser" />
  </Table>
  <Panel POSITION="Left">
    <Button DESCRIPTION="Edit User" METHOD="getUser" POSITION="Left" LINK="UserAdmin110" />
    <Button DESCRIPTION="Edit User Group" METHOD="getUserGroup" LINK="UserAdmin100" />
  </Panel>
</SCRIPT>

