<?xml version="1.0" encoding="UTF-8"?>

<!--	 **Script Builder 1.0 *  -->
<!--	 	 Script Name :  useradmin160 -->
<!--	 	 Description :  Menu Editor -->
<!--	 	 Server Class :  webBoltOns.server.DevelopmentTools -->
<!--	 	 File Path :  C:\java\scripts\useradmin160.xml -->
<!--	 	 Last Update :  12-Dec-2004 -->
<!--	 	 User Profile:  DEFAULT -->
<SCRIPT SCRIPT_NAME="useradmin160" DESCRIPTION="Menu Editor" WIDTH="620" HEIGHT="720" CLASS_NAME="webBoltOns.server.DevelopmentTools">
  <ButtonBar>
    <BarButton TYPE="CLEAR" DESCRIPTION="Clear  " ICON="iClear.gif" />
    <BarButton TYPE="FIND" DESCRIPTION="Load    " METHOD="getScriptDetails" ICON="iFind.gif" />
    <BarButton TYPE="EDIT" DESCRIPTION="Save    " METHOD="saveScriptDetails" ICON="iEdit.gif" />
  </ButtonBar>
  <Panel POSITION="Left Fill">
    <TextField DESCRIPTION="Script Name" FIELDNAME="ScriptID" LENGTH="10" DECIMALS="0" WIDTH="0" DATATYPE="CHR" DATA_LEN="0" POSITION="Left" PROTECTED="N" />
    <TextField DESCRIPTION="Description" FIELDNAME="DescID" LENGTH="30" DECIMALS="0" WIDTH="0" DATATYPE="CHR" DATA_LEN="0" POSITION="Left" PROTECTED="N" />
  </Panel>
  <Panel POSITION="Left">
    <MenuEditor FIELDNAME="SEditor" HEIGHT="375" />
  </Panel>
  <Panel POSITION="Left">
    <Button DESCRIPTION="Edit Script" METHOD="getScriptEditLink" FIELDNAME="EditScript" LINK="UserAdmin150" />
  </Panel>
</SCRIPT>

