<?xml version="1.0"?>
<SCRIPT SCRIPT_NAME='UserAdmin100' DESCRIPTION='User/Group Word Pad' WIDTH='445' HEIGHT='580'
                    CLASS_NAME='webBoltOns.server.UserSecurityManager' >
 <ButtonBar>
     <BarButton TYPE='EDIT'    DESCRIPTION='Add/Update'  METHOD='updNotes'  ICON='iEdit.gif' />
     <BarButton TYPE='FIND'    DESCRIPTION='Find-it!   ' METHOD='getNotes'  ICON='iFind.gif' />
 </ButtonBar>
  <Panel  POSITION='Left'>
    <TextField FIELDNAME='GroupID' DESCRIPTION='Group ID' LENGTH='10' PROTECTED='Y'  POSITION='Left' />
    <TextField FIELDNAME='UserID' DESCRIPTION='User ID' LENGTH='10'  PROTECTED='Y'  />


  </Panel>
  <Panel  POSITION='Left'>
    <TextArea FIELDNAME='Notes'  LENGTH='20' HEIGHT='15' POSITION='Left' />
  </Panel>
</SCRIPT>
