<?xml version="1.0" encoding="UTF-8"?>

<!--	 **Script Builder 1.0 *  -->
<!--	 	 Script Name :  UserAdmin180 -->
<!--	 	 Description :  Generate Base Java Source  -->
<!--	 	 Server Class :  webBoltOns.server.DevelopmentTools -->
<!--	 	 File Path :  C:\java\myProjects\scripts\UserAdmin180.xml -->
<!--	 	 Last Update :  16-Jan-2005 -->
<!--	 	 User Profile:  DEFAULT -->
<SCRIPT SCRIPT_NAME="UserAdmin180" DESCRIPTION="Generate Base Java Source " WIDTH="515" HEIGHT="525" CLASS_NAME="webBoltOns.server.DevelopmentTools">
  <ButtonBar>
    <BarButton TYPE="CLEAR" DESCRIPTION="Clear      " ICON="iClear.gif" />
    <BarButton TYPE="EDIT" DESCRIPTION="Create Java Source FIle" METHOD="createJavaSourceFile" ICON="iEdit.gif" />
  </ButtonBar>
  <Panel POSITION="Left">
    <TextField DESCRIPTION="Class Name" FIELDNAME="ClassName" LENGTH="22" DECIMALS="0" WIDTH="0" DATATYPE="CHR" DATA_LEN="0" POSITION="Left" PROTECTED="N" />
    <TextField DESCRIPTION="Description" FIELDNAME="Description" LENGTH="50" DECIMALS="0" WIDTH="0" DATATYPE="CHR" DATA_LEN="0" POSITION="Left" PROTECTED="N" />
    <TextField DESCRIPTION="Source Path" FIELDNAME="SourcePath" LENGTH="50" DECIMALS="0" WIDTH="0" DATATYPE="CHR" DATA_LEN="0" POSITION="Left" PROTECTED="N" />
  </Panel>
  <TabGroup HEIGHT="0" WIDTH="0" POSITION="Left">
    <TabItem DESCRIPTION="Database Table">
      <Panel DESCRIPTION="Table Name" POSITION="Left Fill">
	<TextField DESCRIPTION="Table Name" FIELDNAME="TableName" LENGTH="20" DECIMALS="0" WIDTH="0" DATATYPE="CHR" DATA_LEN="0" POSITION="Left" PROTECTED="N" />
	<TextField DESCRIPTION="Key Field" FIELDNAME="KeyField1" LENGTH="15" DECIMALS="0" WIDTH="0" DATATYPE="CHR" DATA_LEN="0" POSITION="Left" PROTECTED="N" />
	<ComboBox FIELDNAME="KeyType" LENGTH="6" DATATYPE="CHR">
	  <ComboItem DESCRIPTION="CHR" />
	  <ComboItem DESCRIPTION="INT" />
	  <ComboItem DESCRIPTION="FLT" />
	</ComboBox>
      </Panel>
      <Panel DESCRIPTION="Table Description" POSITION="Left">
	<TextArea FIELDNAME="TableDescription" LENGTH="22" HEIGHT="6" POSITION="Left" PROTECTED="N" />
      </Panel>
    </TabItem>
    <TabItem DESCRIPTION="Source File Options">
      <CheckBox DESCRIPTION="Detail Get Method" FIELDNAME="CreateGetMethod" POSITION="Left" />
      <TextField FIELDNAME="GetMethodComment" LENGTH="35" DECIMALS="0" WIDTH="0" DATATYPE="CHR" DATA_LEN="0" POSITION="Right" PROTECTED="N" ALIGNMENT="Left" />
      <CheckBox DESCRIPTION="Detail Get Next Method" FIELDNAME="CreateGetNextMethod" POSITION="Left" />
      <TextField FIELDNAME="GetNextMethodComment" LENGTH="35" DECIMALS="0" WIDTH="0" DATATYPE="CHR" DATA_LEN="0" POSITION="Right" PROTECTED="N" ALIGNMENT="Left" />
      <CheckBox DESCRIPTION="Detail Get Prev Method" FIELDNAME="CreateGetPrevMethod" POSITION="Left" />
      <TextField FIELDNAME="GetPrevMethodComment" LENGTH="35" DECIMALS="0" WIDTH="0" DATATYPE="CHR" DATA_LEN="0" POSITION="Right" PROTECTED="N" ALIGNMENT="Left" />
      <CheckBox DESCRIPTION="Detail Update Method" FIELDNAME="CreateUpdateMethod" POSITION="Left" />
      <TextField FIELDNAME="UpdateMethodComment" LENGTH="35" DECIMALS="0" WIDTH="0" DATATYPE="CHR" DATA_LEN="0" POSITION="Right" PROTECTED="N" ALIGNMENT="Left" />
      <CheckBox DESCRIPTION="Detail Delete Method" FIELDNAME="CreateDeleteMethod" POSITION="Left" />
      <TextField FIELDNAME="DeleteMethodComment" LENGTH="35" DECIMALS="0" WIDTH="0" DATATYPE="CHR" DATA_LEN="0" POSITION="Right" PROTECTED="N" ALIGNMENT="Left" />
      <CheckBox DESCRIPTION="Table List Method" FIELDNAME="CreateTableListMethod" POSITION="Left" />
      <TextField FIELDNAME="TableListMethodComment" LENGTH="35" DECIMALS="0" WIDTH="0" DATATYPE="CHR" DATA_LEN="0" POSITION="Right" PROTECTED="N" ALIGNMENT="Left" />
      <CheckBox DESCRIPTION="Table Update Method" FIELDNAME="CreateTableUpdateMethod" POSITION="Left" />
      <TextField FIELDNAME="TableUpdateMethodComment" LENGTH="35" DECIMALS="0" WIDTH="0" DATATYPE="CHR" DATA_LEN="0" POSITION="Right" PROTECTED="N" ALIGNMENT="Left" />
    </TabItem>
    <TabItem DESCRIPTION="Source Header Comments">
      <TextArea FIELDNAME="Comments" LENGTH="23" HEIGHT="11" POSITION="Left" PROTECTED="N" />
    </TabItem>
  </TabGroup>
</SCRIPT>

