<?xml version="1.0" encoding="UTF-8"?>

<!--	 **Script Builder 1.0 *  -->
<!--	 	 Script Name :  UserAdmin110 -->
<!--	 	 Description :  Edit User -->
<!--	 	 Server Class :  webBoltOns.server.UserSecurityManager -->
<!--	 	 File Path :  C:\java\jakarta-tomcat-5.0.19\webapps\timeEntry\scripts\UserAdmin110.xml -->
<!--	 	 Last Update :  06-Feb-2005 -->
<!--	 	 User Profile:  DEFAULT -->
<SCRIPT SCRIPT_NAME="UserAdmin110" DESCRIPTION="Edit User" WIDTH="560" HEIGHT="455" CLASS_NAME="webBoltOns.server.UserSecurityManager">
  <ButtonBar>
    <BarButton TYPE="CLEAR" DESCRIPTION="Clear      " ICON="iClear.gif" />
    <BarButton TYPE="FIND" DESCRIPTION="Find-it!   " METHOD="getUser" ICON="iFind.gif" />
    <BarButton TYPE="EDIT" DESCRIPTION="Add/Update " METHOD="updUser" ICON="iEdit.gif" />
    <BarButton TYPE="PREV" DESCRIPTION="Prevoius   " METHOD="prvUser" ICON="iPrev.gif" />
    <BarButton TYPE="NEXT" DESCRIPTION="Next       " METHOD="nxtUser" ICON="iNext.gif" />
  </ButtonBar>
  <Panel>
    <TextField DESCRIPTION="User ID" METHOD="getUser" FIELDNAME="UserID" LENGTH="8" DECIMALS="0" DATATYPE="CHR" DATA_LEN="0" POSITION="Left" PROTECTED="N" LINK="UserAdmin130" />
    <TextField DESCRIPTION="Description" FIELDNAME="UserDescription" LENGTH="20" DECIMALS="0" DATATYPE="CHR" DATA_LEN="0" POSITION="Left" PROTECTED="N" />
  </Panel>
  <Panel DESCRIPTION="Address Information">
    <TextField DESCRIPTION="Name" FIELDNAME="Name" LENGTH="25" DECIMALS="0" DATATYPE="CHR" DATA_LEN="0" POSITION="Left" PROTECTED="N" />
    <TextField DESCRIPTION="Address" FIELDNAME="Address1" LENGTH="25" DECIMALS="0" DATATYPE="CHR" DATA_LEN="0" POSITION="Left" PROTECTED="N" />
    <TextField FIELDNAME="Address3" LENGTH="25" DECIMALS="0" DATATYPE="CHR" DATA_LEN="0" POSITION="Left" PROTECTED="N" />
    <TextField FIELDNAME="Address2" LENGTH="25" DECIMALS="0" DATATYPE="CHR" DATA_LEN="0" POSITION="Left" PROTECTED="N" />
    <TextField FIELDNAME="Address4" LENGTH="10" DECIMALS="0" DATATYPE="CHR" DATA_LEN="0" POSITION="Left" PROTECTED="N" />
    <TextField DESCRIPTION="Phone Number " FIELDNAME="Phone1" LENGTH="15" DECIMALS="0" DATATYPE="CHR" DATA_LEN="0" POSITION="Left" PROTECTED="N" />
    <TextField DESCRIPTION="Fax Number" FIELDNAME="Fax" LENGTH="15" DECIMALS="0" DATATYPE="CHR" DATA_LEN="0" POSITION="Left" PROTECTED="N" />
  </Panel>
  <Panel DESCRIPTION="Access Information" POSITION="Right">
    <Panel>
      <CheckBox DESCRIPTION="User Active" FIELDNAME="ActiveUser" POSITION="Left" />
    </Panel>
    <Panel>
      <TextField DESCRIPTION="User Group" FIELDNAME="GroupID" LENGTH="10" DECIMALS="0" DATATYPE="CHR" DATA_LEN="0" POSITION="Left" PROTECTED="N" LINK="UserAdmin120" />
      <TextField DESCRIPTION="Last Update" FIELDNAME="LastChangeDate" LENGTH="9" DECIMALS="0" DATATYPE="DAT" DATA_LEN="0" POSITION="Left" PROTECTED="N" />
      <TextField DESCRIPTION="Date InActive" FIELDNAME="InActiveDate" LENGTH="9" DECIMALS="0" DATATYPE="DAT" DATA_LEN="0" POSITION="Left" PROTECTED="N" />
      <Button DESCRIPTION="Notes" METHOD="getNotes" FIELDNAME="UserID" POSITION="Left" LINK="UserAdmin140" />
    </Panel>
  </Panel>
  <Panel>
    <TextField DESCRIPTION="Web Site" FIELDNAME="WebSite" LENGTH="25" DECIMALS="0" DATATYPE="CHR" DATA_LEN="0" POSITION="Left" PROTECTED="N" />
    <Button METHOD="URL" FIELDNAME="WebSite" />
    <TextField DESCRIPTION="Email Address" FIELDNAME="Email" LENGTH="25" DECIMALS="0" DATATYPE="CHR" DATA_LEN="0" POSITION="Left" PROTECTED="N" />
    <Button METHOD="EMAIL" FIELDNAME="Email" ICON="webEMAIL.gif" />
  </Panel>
</SCRIPT>

