<?xml version="1.0" encoding="UTF-8"?>

<!--	 **Script Builder 4.0 -  www.ossfree.net *  -->
<!--	 	 Script Name :  CCMenu -->
<!--	 	 Description :  Web Kee Pass -->
<!--	 	 File Path :  /home/pjones/Projects/JavaProjects/WebKeepass/wkp/jakarta-tomcat-5.5.7/webapps/ROOT/XML/ENG/CCMenu.xml -->
<!--	 	 Last Update :  09-Aug-2010 -->
<!--	 	 User Profile:  root -->
<SCRIPT SCRIPT_NAME="CCMenu" DOCUMENT_TYPE="Menu" DESCRIPTION="Веб Ки-Пасс" Screen_Title="Web Kee Pass">
  <SubMenu DESCRIPTION="Работа с паролями" LINK="WKP-MyPasswords" QUICK_LINK="FALSE">
    <Script DESCRIPTION="Мои пароли профиль" ICON="WKP8.jpg" LINK="KeePass006" QUICK_LINK="TRUE" />
    <Script DESCRIPTION="Изменить Пароль?" ICON="WKP1.jpg" LINK="KeePass002" QUICK_LINK="TRUE" />
    <Script DESCRIPTION="Мои пароли по категориям" ICON="WKP6.jpg" LINK="KeePass001" QUICK_LINK="TRUE" />
  </SubMenu>
  <SubMenu DESCRIPTION="Работа с общей паролей" LINK="WKP-SharePasswords" QUICK_LINK="FALSE">
    <SubMenu DESCRIPTION="Пароли я делюсь" LINK="WKP-MySharePasswords" QUICK_LINK="FALSE">
      <Script DESCRIPTION="Доля Мои пароли" ICON="WKP2.jpg" LINK="KeePass007" QUICK_LINK="TRUE" />
      <Script DESCRIPTION="Мой профиль Общие Пароль" ICON="WKP4.jpg" LINK="KeePass016" QUICK_LINK="TRUE" />
    </SubMenu>
    <SubMenu DESCRIPTION="Пароли Общая To Me" LINK="WKP-MyOthersPasswords" QUICK_LINK="FALSE">
      <Script DESCRIPTION="Пароли существуют в других странах" ICON="WKP9.jpg" LINK="KeePass008" QUICK_LINK="TRUE" />
      <Script DESCRIPTION="Общие пароли по категориям" ICON="WKP6.jpg" LINK="KeePass013" QUICK_LINK="TRUE" />
    </SubMenu>
    <Script DESCRIPTION="Доля группы Изменить" LINK="KeePass017" QUICK_LINK="FALSE" />
    <Script DESCRIPTION="Категории Доля Изменить" LINK="KeePass014" QUICK_LINK="FALSE" />
  </SubMenu>
  <SubMenu DESCRIPTION="Работа с пользователями" LINK="WKP-Users" QUICK_LINK="FALSE">
    <Script DESCRIPTION="Профиль пользователя" ICON="WKPD.jpg" LINK="UserAdmin130" QUICK_LINK="TRUE" />
    <Script DESCRIPTION="Изменить пользователя" ICON="WKPB.jpg" LINK="UserAdmin110" QUICK_LINK="TRUE" />
    <Script DESCRIPTION="User Group профиль" ICON="WKPC.jpg" LINK="UserAdmin120" QUICK_LINK="TRUE" />
    <Script DESCRIPTION="Изменить группы пользователей" ICON="WKPA.jpg" LINK="UserAdmin100" QUICK_LINK="TRUE" />
  </SubMenu>
</SCRIPT>

