<?xml version="1.0" encoding="UTF-8"?>

<!--	 **Script Builder 4.0 - www.ossfree.net *  -->
<!--	 	 Script Name :  KeePass012 -->
<!--	 	 Description :  View Shared Passwords -->
<!--	 	 Server Class :  server.Crypt -->
<!--	 	 Initalization Method :   -->
<!--	 	 File Path :  /home/pjones/Projects/JavaProjects/WebKeepass/wkp/jakarta-tomcat-5.5.7/webapps/ROOT/XML/ENG/KeePass012.xml -->
<!--	 	 Last Update :  26-Nov-2010 -->
<!--	 	 User Profile:  root -->
<SCRIPT SCRIPT_NAME="KeePass012" DOCUMENT_TYPE="Window" CLASS_NAME="server.Crypt" AUTO_REFRESH="true" ICON="WKP1.jpg" DESCRIPTION="Просмотр общих паролей" Screen_Title="View Shared Passwords" WIDTH="850" HEIGHT="710">
  <ButtonBar>
    <BarButton TYPE="FIND" DESCRIPTION="Обновление" ICON="iFind.gif" METHOD="getSharedCrypt" />
  </ButtonBar>
  <Panel POSITION="Left" HIDDEN="N">
    <TextField FIELDNAME="PasswordID" DESCRIPTION="Пароль ID #" LENGTH="10" DECIMALS="0" DATA_TYPE="CHR" DATA_LEN="50" POSITION="Left" PROTECTED="Y" HIDDEN="N" ZERO_FILL="N" ENCRYPT="Y" />
    <TextField FIELDNAME="a0" DESCRIPTION="Название" LENGTH="30" DECIMALS="0" DATA_TYPE="CHR" DATA_LEN="50" PROTECTED="Y" HIDDEN="N" ZERO_FILL="N" ENCRYPT="Y" />
    <TextField FIELDNAME="j1" DESCRIPTION="По Общие" LENGTH="30" DECIMALS="0" DATA_TYPE="CHR" DATA_LEN="50" POSITION="Left" PROTECTED="Y" HIDDEN="N" ZERO_FILL="N" ENCRYPT="Y" ALIGNMENT="Left" />
  </Panel>
  <TabGroup HEIGHT="0" WIDTH="0" POSITION="Left" COMPONENT_ORIENTATION="Top">
    <TabItem DESCRIPTION="Ввод пароля" ICON="tdot.gif">
      <Panel POSITION="Left" HIDDEN="N">
	<TextField FIELDNAME="b9" DESCRIPTION="Имя пользователя" LENGTH="30" DECIMALS="0" DATA_TYPE="CHR" DATA_LEN="50" POSITION="Left" PROTECTED="Y" HIDDEN="N" ZERO_FILL="N" ENCRYPT="Y" ALIGNMENT="Left" />
	<Button FIELDNAME="b9" DESCRIPTION="Копировать в Clip-Timer" ICON="clip.gif" POSITION="Center" METHOD="CLIP_FIELD" />
	<PasswordEditor FIELDNAME="c8" DESCRIPTION="Пароль" LENGTH="25" DATA_LEN="50" POSITION="Left" HIDDEN="N" ENCRYPT="Y" ALIGNMENT="Left" />
	<Button FIELDNAME="c8" DESCRIPTION="Копировать в Clip-Timer" ICON="clip.gif" POSITION="Center" METHOD="CLIP_FIELD" />
	<TextField FIELDNAME="d7" DESCRIPTION="Дата создания" LENGTH="12" DECIMALS="0" DATA_TYPE="DAT" DATA_LEN="20" POSITION="Left" PROTECTED="Y" HIDDEN="N" ZERO_FILL="N" ENCRYPT="Y" ALIGNMENT="Left" />
	<TextField FIELDNAME="e6" DESCRIPTION="Последнее обновление" LENGTH="12" DECIMALS="0" DATA_TYPE="DAT" DATA_LEN="20" PROTECTED="Y" HIDDEN="N" ZERO_FILL="N" ENCRYPT="Y" ALIGNMENT="Left" />
	<TextField FIELDNAME="f5" DESCRIPTION="Истекает" LENGTH="12" DECIMALS="0" DATA_TYPE="DAT" DATA_LEN="20" POSITION="Left" PROTECTED="Y" HIDDEN="N" ZERO_FILL="N" ENCRYPT="Y" ALIGNMENT="Left" />
	<CheckBox FIELDNAME="g4" DESCRIPTION="Бесконечный срок хранения" ENCRYPT="Y" />
      </Panel>
      <Panel POSITION="Left" HIDDEN="N">
	<TextField FIELDNAME="n7" DESCRIPTION="Веб-сайт" LENGTH="40" DECIMALS="0" DATA_TYPE="CHR" DATA_LEN="50" POSITION="Left" PROTECTED="Y" HIDDEN="N" ZERO_FILL="N" ENCRYPT="Y" ALIGNMENT="Left" />
	<Button FIELDNAME="n7" ICON="MNode2.gif" METHOD="URL" />
	<TextField FIELDNAME="i2" DESCRIPTION="Alt веб-сайта" LENGTH="40" DECIMALS="0" DATA_TYPE="CHR" DATA_LEN="50" POSITION="Left" PROTECTED="Y" HIDDEN="N" ZERO_FILL="N" ENCRYPT="Y" ALIGNMENT="Left" />
	<Button FIELDNAME="i2" ICON="MNode2.gif" METHOD="URL" />
	<TextField FIELDNAME="k0" DESCRIPTION="Поддержка сайта" LENGTH="40" DECIMALS="0" DATA_TYPE="CHR" DATA_LEN="50" POSITION="Left" PROTECTED="Y" HIDDEN="N" ZERO_FILL="N" ENCRYPT="Y" ALIGNMENT="Left" />
	<Button FIELDNAME="k0" ICON="MNode2.gif" METHOD="URL" />
	<TextField FIELDNAME="m8" DESCRIPTION="Email" LENGTH="40" DECIMALS="0" DATA_TYPE="CHR" DATA_LEN="50" POSITION="Left" PROTECTED="N" HIDDEN="Y" ZERO_FILL="N" ENCRYPT="Y" ALIGNMENT="Left" />
	<Button FIELDNAME="m8" ICON="MNode2.gif" METHOD="EMAIL" />
	<TextField FIELDNAME="p5" DESCRIPTION="Программа для запуска" LENGTH="40" DECIMALS="0" DATA_TYPE="CHR" DATA_LEN="50" POSITION="Left" PROTECTED="Y" HIDDEN="N" ZERO_FILL="N" ENCRYPT="Y" ALIGNMENT="Left" />
      </Panel>
    </TabItem>
    <TabItem DESCRIPTION="Примечания" ICON="tdot.gif">
      <TextRTFArea FIELDNAME="Notes" DESCRIPTION="Примечания" HEIGHT="15" WIDTH="33" POSITION="Left" PROTECTED="N" />
    </TabItem>
    <TabItem DESCRIPTION="История" ICON="tdot.gif">
      <Table FIELDNAME="Table1" HEIGHT="16" WIDTH="0" POSITION="Left">
	<TableTextField FIELDNAME="HistoryID" DESCRIPTION="ID" LENGTH="3" DECIMALS="0" DATA_TYPE="INT" DATA_LEN="5" PROTECTED="Y" ZERO_FILL="N" ENCRYPT="N" ALIGNMENT="Left" />
	<TableTextField FIELDNAME="a0t" DESCRIPTION="Название" LENGTH="12" DECIMALS="0" DATA_TYPE="CHR" DATA_LEN="50" PROTECTED="Y" ZERO_FILL="N" ENCRYPT="Y" ALIGNMENT="Left" />
	<TableTextField FIELDNAME="b9t" DESCRIPTION="Имя пользователя" LENGTH="12" DECIMALS="0" DATA_TYPE="CHR" DATA_LEN="50" PROTECTED="Y" ZERO_FILL="N" ENCRYPT="Y" ALIGNMENT="Left" />
	<TableTextField FIELDNAME="e6t" DESCRIPTION="Дата" LENGTH="12" DECIMALS="0" DATA_TYPE="DAT" DATA_LEN="50" PROTECTED="Y" ZERO_FILL="N" ENCRYPT="Y" ALIGNMENT="Left" />
      </Table>
      <Panel POSITION="Left" HIDDEN="N" />
    </TabItem>
    <TabItem DESCRIPTION="Изображение / Иконка" ICON="tdot.gif">
      <ImageBox FIELDNAME="Image" LENGTH="32" HEIGHT="16" WIDTH="0" POSITION="Left" PROTECTED="N" ENCRYPT="N" />
    </TabItem>
  </TabGroup>
</SCRIPT>

