<?xml version="1.0" encoding="UTF-8"?>

<!--	 **Script Builder 2.1 *  -->
<!--	 	 Script Name :  KeePass018 -->
<!--	 	 Description :  KeePass Profiles -->
<!--	 	 Server Class :  server.Akin -->
<!--	 	 Initalization Method :  getBndList -->
<!--	 	 File Path :  /home/pjones/Projects/JavaProjects/WebKeePassLuke/jakarta-tomcat-5.5.7/webapps/ROOT/XML/KeePass018.xml -->
<!--	 	 Last Update :  09-May-2008 -->
<!--	 	 User Profile:  root -->
<SCRIPT SCRIPT_NAME="KeePass018" DOCUMENT_TYPE="Window" CLASS_NAME="server.Akin" METHOD="getBndList" AUTO_REFRESH="false" DESCRIPTION="KeePass Профили" Screen_Title="KeePass Profiles" WIDTH="560" HEIGHT="630">
  <ButtonBar>
    <BarButton TYPE="FIND" DESCRIPTION="Поиск / Обновить" ICON="iFind.gif" METHOD="getBndList" />
  </ButtonBar>
  <Table FIELDNAME="Table1" HEIGHT="20" WIDTH="20" POSITION="Left">
    <TableTextField FIELDNAME="BundleID" DESCRIPTION="-ID" LENGTH="2" DECIMALS="0" DATA_TYPE="INT" DATA_LEN="10" PROTECTED="Y" ZERO_FILL="N" ENCRYPT="N" ALIGNMENT="Left" />
    <TableTextField FIELDNAME="aa" DESCRIPTION="KeePass группы" LENGTH="6" DECIMALS="0" DATA_TYPE="CHR" DATA_LEN="50" PROTECTED="Y" ZERO_FILL="N" ENCRYPT="Y" ALIGNMENT="Left" PARAMETER="@aa" />
    <TableTextField FIELDNAME="bb" DESCRIPTION="Описание" LENGTH="20" DECIMALS="0" DATA_TYPE="CHR" DATA_LEN="50" PROTECTED="Y" ZERO_FILL="N" ENCRYPT="Y" ALIGNMENT="Left" />
    <TableCheckBox FIELDNAME="cc" DESCRIPTION="KeePass Активный" ENCRYPT="Y" />
  </Table>
</SCRIPT>

