<?xml version="1.0" encoding="UTF-8"?>

<!--	 **Script Builder 2.1 *  -->
<!--	 	 Script Name :  KeePass001 -->
<!--	 	 Description :  My Passwords By Category -->
<!--	 	 Server Class :  server.Crypt -->
<!--	 	 Initalization Method :  getCryptList -->
<!--	 	 File Path :  /home/pjones/Projects/JavaProjects/WebKeepass/jakarta-tomcat-5.5.7/webapps/ROOT/XML/KeePass001.xml -->
<!--	 	 Last Update :  18-Mar-2009 -->
<!--	 	 User Profile:  root -->
<SCRIPT SCRIPT_NAME="KeePass001" DOCUMENT_TYPE="Window" CLASS_NAME="server.Crypt" METHOD="getCryptList" AUTO_REFRESH="false" ICON="WKP6.jpg" DESCRIPTION="Мои пароли по категориям" Screen_Title="My Passwords By Category" WIDTH="1000" HEIGHT="570">
  <ButtonBar>
    <BarButton TYPE="CLEAR" DESCRIPTION="Ясно" ICON="iClear.gif" />
    <BarButton TYPE="FIND" DESCRIPTION="Обновление" ICON="iFind.gif" METHOD="getCryptList" />
  </ButtonBar>
  <TreeTable FIELDNAME="Table1" DESCRIPTION="Группа" HEIGHT="0" WIDTH="0" METHOD="expandCryptList">
    <TableTextField FIELDNAME="KeeperID" DESCRIPTION="+ ID" LENGTH="6" DECIMALS="0" DATA_TYPE="CHR" DATA_LEN="50" PROTECTED="Y" ZERO_FILL="N" ENCRYPT="N" ALIGNMENT="Left" />
    <TableTextField FIELDNAME="KeeperDesc" DESCRIPTION="Пароль категории" LENGTH="12" DECIMALS="0" DATA_TYPE="CHR" DATA_LEN="50" PROTECTED="Y" ZERO_FILL="N" ENCRYPT="N" ALIGNMENT="Left" />
    <TableTextField FIELDNAME="CreateDate" DESCRIPTION="Дата добавления" LENGTH="10" DECIMALS="0" DATA_TYPE="DAT" DATA_LEN="20" PROTECTED="Y" ZERO_FILL="N" ENCRYPT="N" ALIGNMENT="Center" />
    <TableImageField FIELDNAME="KepperIcon" DESCRIPTION="Icn" LENGTH="2" ENCRYPT="N" />
    <TableTextField FIELDNAME="PasswordID" DESCRIPTION="-ID" LENGTH="10" DECIMALS="0" DATA_TYPE="INT" DATA_LEN="50" PROTECTED="Y" ZERO_FILL="N" ENCRYPT="Y" ALIGNMENT="Left" />
    <TableTextField FIELDNAME="a0" DESCRIPTION="Название" LENGTH="12" DECIMALS="0" DATA_TYPE="CHR" DATA_LEN="50" PROTECTED="Y" ZERO_FILL="N" ENCRYPT="Y" ALIGNMENT="Left" />
    <TableTextField FIELDNAME="b9" DESCRIPTION="Имя пользователя" LENGTH="12" DECIMALS="0" DATA_TYPE="CHR" DATA_LEN="50" PROTECTED="Y" ZERO_FILL="N" ENCRYPT="Y" ALIGNMENT="Left" />
  </TreeTable>
  <Panel POSITION="Left" HIDDEN="N">
    <Button FIELDNAME="CrtGrp" DESCRIPTION="Добавить Категория" POSITION="Left" LINK="KeePass004" PARAMETER="Table1" />
    <Button FIELDNAME="UpdGrp" DESCRIPTION="Обновление категории" LINK="KeePass005" PARAMETER="Table1" />
    <Button FIELDNAME="UpdPwd" DESCRIPTION="Обновление / Добавить пароль" LINK="KeePass002" PARAMETER="Table1" METHOD_CLASS="server.Crypt" METHOD="getCrypt" />
    <Button FIELDNAME="ShrPwd" DESCRIPTION="Доля Пароль" LINK="KeePass007" PARAMETER="Table1" METHOD_CLASS="server.Akin" METHOD="initAkinList" />
  </Panel>
</SCRIPT>

