<?xml version="1.0" encoding="UTF-8"?>

<!--	 **Script Builder 2.1 *  -->
<!--	 	 Script Name :  UserAdmin110 -->
<!--	 	 Description :  Edit User -->
<!--	 	 Server Class :  server.Adherent -->
<!--	 	 Initalization Method :   -->
<!--	 	 File Path :  /home/pjones/Projects/JavaProjects/WebKeePassLuke/jakarta-tomcat-5.5.7/webapps/ROOT/XML/UserAdmin110.xml -->
<!--	 	 Last Update :  18-May-2008 -->
<!--	 	 User Profile:  pjones -->
<SCRIPT SCRIPT_NAME="UserAdmin110" DOCUMENT_TYPE="Window" CLASS_NAME="server.Adherent" AUTO_REFRESH="false" ICON="WKPB.jpg" DESCRIPTION="Изменить пользователя" Screen_Title="Edit User" WIDTH="830" HEIGHT="730">
  <ButtonBar>
    <BarButton TYPE="CLEAR" DESCRIPTION="Ясно" ICON="iClear.gif" />
    <BarButton TYPE="FIND" DESCRIPTION="Find-это!" ICON="iFind.gif" METHOD="getUser" />
    <BarButton TYPE="DELETE" DESCRIPTION="Удалять" ICON="iDelete.gif" METHOD="deleteUser" />
    <BarButton TYPE="PREV" DESCRIPTION="Предыдущий" ICON="iPrev.gif" METHOD="prvUser" />
    <BarButton TYPE="NEXT" DESCRIPTION="Рядом" ICON="iNext.gif" METHOD="nxtUser" />
    <BarButton TYPE="POST" DESCRIPTION="Добавить / обновить" ICON="iEdit.gif" METHOD="updUser" />
    <BarButton TYPE="NEW-LINE" DESCRIPTION="Новые KeePass Grp" ICON="iNew.gif" />
    <BarButton TYPE="DEL-LINE" DESCRIPTION="Удалить Grp KeePass" ICON="iNew.gif" METHOD="deleteAdherent" />
  </ButtonBar>
  <Panel HIDDEN="N">
    <TextField FIELDNAME="UserID" DESCRIPTION="Идентификатор пользователя" LENGTH="8" DECIMALS="0" DATA_TYPE="CHR" DATA_LEN="0" POSITION="Left" PROTECTED="N" HIDDEN="N" ZERO_FILL="N" ENCRYPT="N" LINK="UserAdmin130" METHOD="getUser" />
    <TextField FIELDNAME="UserDescription" DESCRIPTION="Описание" LENGTH="20" DECIMALS="0" DATA_TYPE="CHR" DATA_LEN="0" POSITION="Left" PROTECTED="N" HIDDEN="N" ZERO_FILL="N" ENCRYPT="N" />
    <PasswordField FIELDNAME="Password" DESCRIPTION="Пароль" LENGTH="20" DATA_LEN="30" POSITION="Left" HIDDEN="N" ENCRYPT="N" ALIGNMENT="Left" />
    <CheckBox FIELDNAME="UpdPW" DESCRIPTION="Обновить пароль" ENCRYPT="N" />
  </Panel>
  <Panel POSITION="Left" HIDDEN="N">
    <TextField FIELDNAME="WebSite" DESCRIPTION="Сайт" LENGTH="47" DECIMALS="0" DATA_TYPE="CHR" DATA_LEN="100" POSITION="Left" PROTECTED="N" HIDDEN="N" ZERO_FILL="N" ENCRYPT="N" />
    <Button FIELDNAME="WebSite" METHOD="URL" />
    <TextField FIELDNAME="Email" DESCRIPTION="Адрес электронной почты" LENGTH="47" DECIMALS="0" DATA_TYPE="CHR" DATA_LEN="100" POSITION="Left" PROTECTED="N" HIDDEN="N" ZERO_FILL="N" ENCRYPT="N" />
    <Button FIELDNAME="Email" ICON="webEMAIL.gif" METHOD="EMAIL" />
  </Panel>
  <TabGroup HEIGHT="0" WIDTH="0" POSITION="Left" COMPONENT_ORIENTATION="Bottom">
    <TabItem DESCRIPTION="Адрес">
      <Panel DESCRIPTION="Информация об адресе" POSITION="Left Fill" HIDDEN="N">
	<TextField FIELDNAME="Name" DESCRIPTION="Имя" LENGTH="25" DECIMALS="0" DATA_TYPE="CHR" DATA_LEN="50" POSITION="Left" PROTECTED="N" HIDDEN="N" ZERO_FILL="N" ENCRYPT="N" />
	<TextField FIELDNAME="Address1" DESCRIPTION="Адрес" LENGTH="30" DECIMALS="0" DATA_TYPE="CHR" DATA_LEN="50" POSITION="Left" PROTECTED="N" HIDDEN="N" ZERO_FILL="N" ENCRYPT="N" />
	<TextField FIELDNAME="Address2" LENGTH="30" DECIMALS="0" DATA_TYPE="CHR" DATA_LEN="50" POSITION="Left" PROTECTED="N" HIDDEN="N" ZERO_FILL="N" ENCRYPT="N" />
	<TextField FIELDNAME="Address3" LENGTH="30" DECIMALS="0" DATA_TYPE="CHR" DATA_LEN="50" POSITION="Left" PROTECTED="N" HIDDEN="N" ZERO_FILL="N" ENCRYPT="N" />
	<TextField FIELDNAME="Address4" LENGTH="20" DECIMALS="0" DATA_TYPE="CHR" DATA_LEN="50" POSITION="Left" PROTECTED="N" HIDDEN="N" ZERO_FILL="N" ENCRYPT="N" />
	<TextField FIELDNAME="Phone1" DESCRIPTION="Номер телефона" LENGTH="25" DECIMALS="0" DATA_TYPE="CHR" DATA_LEN="50" POSITION="Left" PROTECTED="N" HIDDEN="N" ZERO_FILL="N" ENCRYPT="N" />
	<TextField FIELDNAME="Fax" DESCRIPTION="Номер факса" LENGTH="25" DECIMALS="0" DATA_TYPE="CHR" DATA_LEN="50" POSITION="Left" PROTECTED="N" HIDDEN="N" ZERO_FILL="N" ENCRYPT="N" />
      </Panel>
      <Panel DESCRIPTION="Доступа к информации" POSITION="Right Fill" HIDDEN="N">
	<Panel HIDDEN="N">
	  <CheckBox FIELDNAME="ActiveUser" DESCRIPTION="Активный пользователь" POSITION="Left" ENCRYPT="N" />
	</Panel>
	<Panel HIDDEN="N">
	  <TextField FIELDNAME="GroupID" DESCRIPTION="User Group" LENGTH="10" DECIMALS="0" DATA_TYPE="CHR" DATA_LEN="0" POSITION="Left" PROTECTED="N" HIDDEN="N" ZERO_FILL="N" ENCRYPT="N" LINK="UserAdmin120" PARAMETER="GroupID" />
	  <TextField FIELDNAME="LastChangeDate" DESCRIPTION="Последнее обновление" LENGTH="9" DECIMALS="0" DATA_TYPE="DAT" DATA_LEN="0" POSITION="Left" PROTECTED="N" HIDDEN="N" ZERO_FILL="N" ENCRYPT="N" />
	  <TextField FIELDNAME="InActiveDate" DESCRIPTION="Дата Неактивные" LENGTH="9" DECIMALS="0" DATA_TYPE="DAT" DATA_LEN="0" POSITION="Left" PROTECTED="N" HIDDEN="N" ZERO_FILL="N" ENCRYPT="N" />
	</Panel>
      </Panel>
    </TabItem>
    <TabItem DESCRIPTION="KeePass группы">
      <Panel FIELDNAME="Bundles" DESCRIPTION="KeePass Группы Этот пользователь находится в" POSITION="Left Fill" HIDDEN="N">
	<Table FIELDNAME="Table1" HEIGHT="10" WIDTH="15" POSITION="Left Fill">
	  <TableTextField FIELDNAME="cc" DESCRIPTION="KeePass группы" LENGTH="10" DECIMALS="0" DATA_TYPE="CHR" DATA_LEN="30" PROTECTED="N" ZERO_FILL="N" ENCRYPT="Y" ALIGNMENT="Center" LINK="KeePass018" PARAMETER="@aa" />
	  <TableTextField FIELDNAME="dd" DESCRIPTION="Описание" LENGTH="25" DECIMALS="0" DATA_TYPE="CHR" DATA_LEN="30" PROTECTED="N" ZERO_FILL="N" ENCRYPT="Y" ALIGNMENT="Center" />
	  <TableCheckBox FIELDNAME="ee" DESCRIPTION="Активный" ENCRYPT="Y" />
	</Table>
      </Panel>
    </TabItem>
  </TabGroup>
  <Panel POSITION="Left Fill" HIDDEN="N">
    <Button FIELDNAME="pbndles" DESCRIPTION="Создание группы KeePass" POSITION="Left" LINK="KeePass017" METHOD_CLASS="server.Akin" METHOD="getBndList" />
  </Panel>
</SCRIPT>

