<?xml version="1.0" encoding="UTF-8"?>

<!--	 **Script Builder 1.0 *  -->
<!--	 	 Script Name :  UserAdmin180 -->
<!--	 	 Description :  Generate Base Java Source  -->
<!--	 	 Server Class :  webBoltOns.server.DevelopmentTools -->
<!--	 	 Initalization Method :   -->
<!--	 	 File Path :  /usr/jRivet-2.060206-Linux/jakarta-tomcat-5.5.7/webapps/jRivetExample1/WEB-INF/XML/UserAdmin180.xml -->
<!--	 	 Last Update :  05-Feb-2006 -->
<!--	 	 User Profile:  GENERAL -->
<SCRIPT SCRIPT_NAME="UserAdmin180" DOCUMENT_TYPE="Window" CLASS_NAME="webBoltOns.server.DevelopmentTools" AUTO_REFRESH="false" DESCRIPTION="Генерировать исходный Java Base" Screen_Title="Generate Base Java Source " WIDTH="700" HEIGHT="546">
  <ButtonBar>
    <BarButton TYPE="CLEAR" DESCRIPTION="Очистить" ICON="iClear.gif" />
    <BarButton TYPE="POST" DESCRIPTION="Создание исходного файла Java" METHOD="createJavaSourceFile" ICON="iEdit.gif" />
  </ButtonBar>
  <Panel POSITION="Left" Hidden="N">
    <TextField DESCRIPTION="Имя класса" FIELDNAME="ClassName" LENGTH="22" DECIMALS="0" DATATYPE="CHR" DATA_LEN="0" POSITION="Left" PROTECTED="N" Hidden="N" ZERO_FILL_VALUE="N" />
    <TextField DESCRIPTION="Описание" FIELDNAME="Description" LENGTH="50" DECIMALS="0" DATATYPE="CHR" DATA_LEN="0" POSITION="Left" PROTECTED="N" Hidden="N" ZERO_FILL_VALUE="N" />
    <TextField DESCRIPTION="Источник Путь" FIELDNAME="SourcePath" LENGTH="50" DECIMALS="0" DATATYPE="CHR" DATA_LEN="0" POSITION="Left" PROTECTED="N" Hidden="N" ZERO_FILL_VALUE="N" />
  </Panel>
  <TabGroup HEIGHT="0" WIDTH="0" POSITION="Left" COMPONENT_ORIENTATION="Top">
    <TabItem DESCRIPTION="Таблицы базы данных">
      <Panel DESCRIPTION="Имя таблицы" POSITION="Left Fill" Hidden="N">
	<TextField DESCRIPTION="Имя таблицы" FIELDNAME="TableName" LENGTH="20" DECIMALS="0" DATATYPE="CHR" DATA_LEN="0" POSITION="Left" PROTECTED="N" Hidden="N" ZERO_FILL_VALUE="N" />
	<TextField DESCRIPTION="Ключевые поля" FIELDNAME="KeyField1" LENGTH="15" DECIMALS="0" DATATYPE="CHR" DATA_LEN="0" POSITION="Left" PROTECTED="N" Hidden="N" ZERO_FILL_VALUE="N" />
	<ComboBox FIELDNAME="KeyType" LENGTH="6" DATATYPE="CHR">
	  <ComboItem DESCRIPTION="CHR" />
	  <ComboItem DESCRIPTION="INT" />
	  <ComboItem DESCRIPTION="FLT" />
	</ComboBox>
      </Panel>
      <Panel DESCRIPTION="Таблица Описание" POSITION="Left" Hidden="N">
	<TextArea FIELDNAME="TableDescription" HEIGHT="6" WIDTH="20" POSITION="Left" PROTECTED="N" />
      </Panel>
    </TabItem>
    <TabItem DESCRIPTION="Параметры исходного файла">
      <CheckBox DESCRIPTION="Подробный метод GET" FIELDNAME="CreateGetMethod" POSITION="Left" />
      <TextField FIELDNAME="GetMethodComment" LENGTH="35" DECIMALS="0" DATATYPE="CHR" DATA_LEN="0" POSITION="Right" PROTECTED="N" Hidden="N" ZERO_FILL_VALUE="N" ALIGNMENT="Left" />
      <CheckBox DESCRIPTION="Подробный Получить следующий метод" FIELDNAME="CreateGetNextMethod" POSITION="Left" />
      <TextField FIELDNAME="GetNextMethodComment" LENGTH="35" DECIMALS="0" DATATYPE="CHR" DATA_LEN="0" POSITION="Right" PROTECTED="N" Hidden="N" ZERO_FILL_VALUE="N" ALIGNMENT="Left" />
      <CheckBox DESCRIPTION="Подробный Получить Пред Метод" FIELDNAME="CreateGetPrevMethod" POSITION="Left" />
      <TextField FIELDNAME="GetPrevMethodComment" LENGTH="35" DECIMALS="0" DATATYPE="CHR" DATA_LEN="0" POSITION="Right" PROTECTED="N" Hidden="N" ZERO_FILL_VALUE="N" ALIGNMENT="Left" />
      <CheckBox DESCRIPTION="Подробный метод обновления" FIELDNAME="CreateUpdateMethod" POSITION="Left" />
      <TextField FIELDNAME="UpdateMethodComment" LENGTH="35" DECIMALS="0" DATATYPE="CHR" DATA_LEN="0" POSITION="Right" PROTECTED="N" Hidden="N" ZERO_FILL_VALUE="N" ALIGNMENT="Left" />
      <CheckBox DESCRIPTION="Подробный Удалить Метод" FIELDNAME="CreateDeleteMethod" POSITION="Left" />
      <TextField FIELDNAME="DeleteMethodComment" LENGTH="35" DECIMALS="0" DATATYPE="CHR" DATA_LEN="0" POSITION="Right" PROTECTED="N" Hidden="N" ZERO_FILL_VALUE="N" ALIGNMENT="Left" />
      <CheckBox DESCRIPTION="Таблица Список Метод" FIELDNAME="CreateTableListMethod" POSITION="Left" />
      <TextField FIELDNAME="TableListMethodComment" LENGTH="35" DECIMALS="0" DATATYPE="CHR" DATA_LEN="0" POSITION="Right" PROTECTED="N" Hidden="N" ZERO_FILL_VALUE="N" ALIGNMENT="Left" />
      <CheckBox DESCRIPTION="Таблица метода обновления" FIELDNAME="CreateTableUpdateMethod" POSITION="Left" />
      <TextField FIELDNAME="TableUpdateMethodComment" LENGTH="35" DECIMALS="0" DATATYPE="CHR" DATA_LEN="0" POSITION="Right" PROTECTED="N" Hidden="N" ZERO_FILL_VALUE="N" ALIGNMENT="Left" />
    </TabItem>
    <TabItem DESCRIPTION="Комментарии Источник Заголовок">
      <TextArea FIELDNAME="Comments" HEIGHT="11" WIDTH="20" POSITION="Left" PROTECTED="N" />
    </TabItem>
  </TabGroup>
</SCRIPT>

