<?xml version="1.0" encoding="UTF-8"?>

<!--	 **Script Builder 1.0 *  -->
<!--	 	 Script Name :  UserAdmin220 -->
<!--	 	 Description :  Company Profiles -->
<!--	 	 Server Class :  webBoltOns.server.UserSecurityManager -->
<!--	 	 Initalization Method :  getBUnitList -->
<!--	 	 File Path :  C:\WebTimeEntry\jakarta-tomcat-5.5.7\webapps\ROOT\WEB-INF\XML\UserAdmin220.xml -->
<!--	 	 Last Update :  16-Feb-2007 -->
<!--	 	 User Profile:  admin -->
<SCRIPT SCRIPT_NAME="UserAdmin220" DOCUMENT_TYPE="Window" CLASS_NAME="webBoltOns.server.UserSecurityManager" METHOD="getBUnitList" AUTO_REFRESH="false" DESCRIPTION="Профиль компании" Screen_Title="Company Profiles" WIDTH="860" HEIGHT="650">
  <ButtonBar>
    <BarButton TYPE="CLEAR" DESCRIPTION="Ясно" ICON="iClear.gif" />
    <BarButton TYPE="FIND" DESCRIPTION="Смотри!" ICON="iFind.gif" METHOD="getBUnitList" />
    <BarButton TYPE="POST" DESCRIPTION="Добавить / обновить" ICON="iEdit.gif" METHOD="updateBUnitList" />
    <BarButton TYPE="NEW-LINE" DESCRIPTION="Новый" ICON="iNew.gif" />
  </ButtonBar>
  <Table FIELDNAME="[BUnitList/]" HEIGHT="22" WIDTH="0" POSITION="Left">
    <TableTextField FIELDNAME="BUnit" DESCRIPTION="Количество Comp" LENGTH="9" DECIMALS="0" DATATYPE="CHR" DATA_LEN="20" PROTECTED="N" ZERO_FILL_VALUE="N" ALIGNMENT="Center" />
    <TableTextField FIELDNAME="BUnitDesc" DESCRIPTION="Описание" LENGTH="30" DECIMALS="0" DATATYPE="CHR" DATA_LEN="60" PROTECTED="N" ZERO_FILL_VALUE="N" />
    <TableTextField FIELDNAME="LastUpdate" DESCRIPTION="Последнее обновление" LENGTH="8" DECIMALS="0" DATATYPE="DAT" DATA_LEN="20" PROTECTED="Y" ZERO_FILL_VALUE="N" ALIGNMENT="Center" />
  </Table>
</SCRIPT>

