<?xml version="1.0" encoding="UTF-8"?>

<!--	 **Script Builder 1.0 *  -->
<!--	 	 Report Script Name :  UserReport1 -->
<!--	 	 Description :  User Access Report -->
<!--	 	 Report Qry :  

 SELECT DISTINCTROW jrusers.UserID, jrusers.GroupID, jrusers.UserDescription, jrusers.Name, 
	jrgroupaccess.MenuItem, jrgroupaccess.GroupItemDescription, 
	jrgroupaccess.ItemAccessLevel, 
	jrgroupaccess.LastChangeDate  
	 FROM jrusers INNER JOIN jrgroupaccess ON jrusers.GroupID = jrgroupaccess.GroupID
	 ORDER BY jrusers.UserID, jrusers.GroupID, jrgroupaccess.MenuItem;

 -->
<!--	 	 File Path :  C:\java\myProjects\scripts\UserReport1.xml -->
<!--	 	 Last Update :  11-Jul-2005 -->
<!--	 	 User Profile:  DEFAULT -->
<SCRIPT SCRIPT_NAME="UserReport1" DESCRIPTION="Доклад доступа пользователей">
  <SqlQuery>SELECT DISTINCTROW jrusers.UserID, jrusers.GroupID, jrusers.UserDescription, jrusers.Name, 
	jrgroupaccess.MenuItem, jrgroupaccess.GroupItemDescription, 
	jrgroupaccess.ItemAccessLevel, 
	jrgroupaccess.LastChangeDate  
	 FROM jrusers INNER JOIN jrgroupaccess ON jrusers.GroupID = jrgroupaccess.GroupID
	 ORDER BY jrusers.UserID, jrusers.GroupID, jrgroupaccess.MenuItem;</SqlQuery>
  <Column FIELDNAME="UserID" DESCRIPTION="Идентификатор пользователя" DATATYPE="CHR" LENGTH="8" DECIMALS="0" ALIGNMENT="Left" LEVELBREAK="1" SUBTOTAL="N" />
  <Column FIELDNAME="Name" DESCRIPTION="Имя" DATATYPE="CHR" LENGTH="14" DECIMALS="0" ALIGNMENT="Left" LEVELBREAK="0" SUBTOTAL="N" />
  <Column FIELDNAME="UserDescription" DESCRIPTION="Описание" DATATYPE="CHR" LENGTH="22" DECIMALS="0" ALIGNMENT="Left" LEVELBREAK="2" SUBTOTAL="N" />
  <Column FIELDNAME="MenuItem" DESCRIPTION="Пункт меню" DATATYPE="CHR" LENGTH="20" DECIMALS="0" ALIGNMENT="Left" LEVELBREAK="0" SUBTOTAL="N" />
  <Column FIELDNAME="GroupItemDescription" DESCRIPTION="Меню Описание" DATATYPE="CHR" LENGTH="33" DECIMALS="0" ALIGNMENT="Left" LEVELBREAK="0" SUBTOTAL="N" />
  <Column FIELDNAME="ItemAccessLevel" DESCRIPTION="Доступ" DATATYPE="INT" LENGTH="6" DECIMALS="0" ALIGNMENT="Center" LEVELBREAK="0" SUBTOTAL="N" />
</SCRIPT>

