<?xml version="1.0" encoding="UTF-8"?>

<!--	 **Script Builder 2.1 *  -->
<!--	 	 Script Name :  KeePass001 -->
<!--	 	 Description :  My Passwords -->
<!--	 	 Server Class :  server.TheCrypt -->
<!--	 	 Initalization Method :  getCryptList -->
<!--	 	 File Path :  /home/java/Projects/JavaProjects/jRivet-KeePass/apache-tomcat-5.5.20/webapps/KeePass/WEB-INF/XML/KeePass001.xml -->
<!--	 	 Last Update :  27-May-2007 -->
<!--	 	 User Profile:  admin -->
<SCRIPT SCRIPT_NAME="KeePass001" DOCUMENT_TYPE="Window" CLASS_NAME="server.TheCrypt" METHOD="getCryptList" AUTO_REFRESH="false" DESCRIPTION="My Passwords" Screen_Title="My Passwords" WIDTH="1015" HEIGHT="680">
  <ButtonBar>
    <BarButton TYPE="CLEAR" DESCRIPTION="Clear" ICON="iClear.gif" />
    <BarButton TYPE="FIND" DESCRIPTION="Refresh" ICON="iFind.gif" METHOD="getCryptList" />
  </ButtonBar>
  <TreeTable FIELDNAME="Table1" DESCRIPTION="Group" HEIGHT="0" WIDTH="0" METHOD="expandCryptList">
    <TableTextField FIELDNAME="KeeperID" DESCRIPTION="+ID" LENGTH="6" DECIMALS="0" DATA_TYPE="CHR" DATA_LEN="50" PROTECTED="Y" ZERO_FILL="N" ENCRYPT="N" ALIGNMENT="Left" />
    <TableTextField FIELDNAME="KeeperDesc" DESCRIPTION="Group " LENGTH="12" DECIMALS="0" DATA_TYPE="CHR" DATA_LEN="50" PROTECTED="Y" ZERO_FILL="N" ENCRYPT="N" ALIGNMENT="Left" />
    <TableTextField FIELDNAME="CreateDate" DESCRIPTION="Date Added" LENGTH="10" DECIMALS="0" DATA_TYPE="DAT" DATA_LEN="20" PROTECTED="Y" ZERO_FILL="N" ENCRYPT="N" ALIGNMENT="Center" />
    <TableImageField FIELDNAME="KepperIcon" DESCRIPTION="Icn" LENGTH="2" />
    <TableTextField FIELDNAME="PasswordID" DESCRIPTION="-ID" LENGTH="2" DECIMALS="0" DATA_TYPE="INT" DATA_LEN="50" PROTECTED="Y" ZERO_FILL="N" ENCRYPT="N" ALIGNMENT="Left" />
    <TableTextField FIELDNAME="a0" DESCRIPTION="Title" LENGTH="12" DECIMALS="0" DATA_TYPE="CHR" DATA_LEN="50" PROTECTED="Y" ZERO_FILL="N" ENCRYPT="Y" ALIGNMENT="Left" />
    <TableTextField FIELDNAME="b9" DESCRIPTION="User Name" LENGTH="12" DECIMALS="0" DATA_TYPE="CHR" DATA_LEN="50" PROTECTED="Y" ZERO_FILL="N" ENCRYPT="Y" ALIGNMENT="Left" />
  </TreeTable>
  <Panel POSITION="Left" HIDDEN="N">
    <Button FIELDNAME="CrtGrp" DESCRIPTION="Create Group" POSITION="Left" LINK="KeePass004" />
    <Button FIELDNAME="CrtGrp" DESCRIPTION="Update Group" LINK="KeePass005" />
    <Button FIELDNAME="CrtGrp" DESCRIPTION="Update/Add A Password" LINK="KeePass002" METHOD_CLASS="server.TheCrypt" METHOD="getCrypt" />
  </Panel>
</SCRIPT>

