<?xml version="1.0" encoding="UTF-8"?>

<!--	 **Script Builder 1.0 *  -->
<!--	 	 Script Name :  UserAdmin120 -->
<!--	 	 Description :  User Group Profiles  -->
<!--	 	 Server Class :  webBoltOns.server.UserSecurityManager -->
<!--	 	 Initalization Method :   -->
<!--	 	 File Path :  C:\jRivet-2.060109\jakarta-tomcat-5.5.7\webapps\jRivetExample1\WEB-INF\TrialScreens\UserAdmin120.xml -->
<!--	 	 Last Update :  08-Jan-2006 -->
<!--	 	 User Profile:  DEFAULT -->
<SCRIPT SCRIPT_NAME="UserAdmin120" DOCUMENT_TYPE="Window" CLASS_NAME="webBoltOns.server.UserSecurityManager" AUTO_REFRESH="false" DESCRIPTION="User Group Profiles " Screen_Title="User Group Profiles " WIDTH="915" HEIGHT="595">
  <ButtonBar>
    <BarButton TYPE="CLEAR" DESCRIPTION="Clear      " ICON="iClear.gif" />
    <BarButton TYPE="FIND" DESCRIPTION="Find-it!   " METHOD="getUserGroupList" ICON="iFind.gif" />
  </ButtonBar>
  <Panel DESCRIPTION="Search Values" POSITION="Left Fill" Hidden="N">
    <TextField DESCRIPTION="Description:" FIELDNAME="@Description" LENGTH="20" DECIMALS="0" DATATYPE="CHR" DATA_LEN="0" POSITION="Left" PROTECTED="N" Hidden="N" ZERO_FILL_VALUE="N" />
    <TextField DESCRIPTION="Menu XML" FIELDNAME="@MenuXML" LENGTH="10" DECIMALS="0" DATATYPE="CHR" DATA_LEN="0" PROTECTED="N" Hidden="N" ZERO_FILL_VALUE="N" />
  </Panel>
  <Table FIELDNAME="UserGroup" HEIGHT="15" WIDTH="0">
    <TableTextField DESCRIPTION="Group" FIELDNAME="GroupID" LENGTH="10" DECIMALS="0" DATATYPE="CHR" DATA_LEN="0" PROTECTED="Y" ZERO_FILL_VALUE="N" />
    <TableTextField DESCRIPTION="Description" FIELDNAME="GroupDescription " LENGTH="15" DECIMALS="0" DATATYPE="CHR" DATA_LEN="0" PROTECTED="Y" ZERO_FILL_VALUE="N" />
    <TableTextField DESCRIPTION="Menu XML" FIELDNAME="MenuXML" LENGTH="10" DECIMALS="0" DATATYPE="CHR" DATA_LEN="0" PROTECTED="Y" ZERO_FILL_VALUE="N" />
    <TableCheckBox DESCRIPTION="Active" FIELDNAME="ActiveGroup" />
    <TableCheckBox DESCRIPTION="Admin" FIELDNAME="Administrator" />
    <TableCheckBox DESCRIPTION="Themes" FIELDNAME="DeskTopTheme" />
    <TableCheckBox DESCRIPTION="Tips" FIELDNAME="TipAccess" />
  </Table>
  <Panel POSITION="Left" Hidden="N">
    <Button DESCRIPTION="Edit User Group" METHOD="getUserGroup" POSITION="Left" LINK="UserAdmin100" />
  </Panel>
</SCRIPT>

