<?xml version="1.0"?>
<Config>

 <DATABASE_CONNECTION>
  <DATABASE_NAME>Time Entry System</DATABASE_NAME>
  <DESCRIPTION>A Sample Time Entry System</DESCRIPTION>
  <DRIVER>sun.jdbc.odbc.JdbcOdbcDriver</DRIVER>
  <CONNECT_STRING>jdbc:odbc:TimeEntry</CONNECT_STRING>
  <CONNECTIONS>4</CONNECTIONS>
  <CONNECT_TYPE>HTTP</CONNECT_TYPE>
  <REGISTRY_PORT>1081</REGISTRY_PORT>
  <SOCKET_PORT>1082</SOCKET_PORT>
  <USERID>TimeEntry</USERID>
  <PASSWORD>TimeEntry</PASSWORD>
 </DATABASE_CONNECTION>

 <CONFIG>
  <BANNER_TITLE>Web Time Entry</BANNER_TITLE>
  <SCRIPT_DIRECTORY>C:\java\jakarta-tomcat-5.0.19\webapps\timeEntry\scripts\</SCRIPT_DIRECTORY>
  <LOG_DIRECTORY>C:\java\jakarta-tomcat-5.0.19\logs\</LOG_DIRECTORY>
  <MENU>TimeEntryMenu</MENU>
  <DATE_FORMAT>dd-MMM-yyyy</DATE_FORMAT>
  <SERVER_DATE_FORMAT>yyyy-MM-dd</SERVER_DATE_FORMAT>
  <DEBUG_LEVEL>0</DEBUG_LEVEL>
  <UserSecurityManager>ON</UserSecurityManager>
 </CONFIG>

 <DESKTOP>
  <IMAGES>
   <IMAGE_DIRECTORY>C:\java\jakarta-tomcat-5.0.19\webapps\timeEntry\scripts\images\</IMAGE_DIRECTORY>

   <menuBannerImage>banner.jpg</menuBannerImage>

   <logo_Icon>oDot.gif</logo_Icon>
   <link_Icon>Link.gif</link_Icon>
   <post_Icon>Post.gif</post_Icon>

   <error_Icon>iError.jpg</error_Icon>
   <warn_Icon>iWarn.jpg</warn_Icon>
   <message_Icon>iMessage.jpg</message_Icon>

   <optionQuestionIcon>Question.gif</optionQuestionIcon>
   <optionMessageIcon>Message.gif</optionMessageIcon>

   <treeOpenIcon>YArrow.gif</treeOpenIcon>
   <treeClosedIcon>RArrow.gif</treeClosedIcon>
   <treeLeafIcon>RArrow.gif</treeLeafIcon>

   <webDocumentURLIcon>webURL.gif</webDocumentURLIcon>
   <emailDocumentURLIcon>webEMAIL.gif</emailDocumentURLIcon>

   <upMessageArrowIcon>Up.gif</upMessageArrowIcon>
   <downMessageArrowIcon>Down.gif</downMessageArrowIcon>

   <tableCopyIcon>copy.gif</tableCopyIcon>
   <tablePrintIcon>print.gif</tablePrintIcon>

   <menuQuickLinkIcon>Link.gif</menuQuickLinkIcon>
   <menuScriptLinkIcon>webURL.gif</menuScriptLinkIcon>


   <menuDocumentIcon>MENUNODE3.gif</menuDocumentIcon>GregorianCalendar
   <menuScriptIcon>MENUNODE2.gif</menuScriptIcon>
   <menuOpenedIcon>MENUNODE1.gif</menuOpenedIcon>
   <menuClosedIcon>MENUNODE1.gif</menuClosedIcon>
   <menuExpandIcon>treeExpand.gif</menuExpandIcon>
   <menuCollapseIcon>treeCollapse.gif</menuCollapseIcon>
  </IMAGES>

  <STANDARD_FONTS>
    <HeaderFont   FamilyName ='ARIAL'  PointSize= '11'   Italics='false'  Bolded='true' />
    <RegularFont  FamilyName ='ARIAL'  PointSize= '11'   Italics='false'  Bolded='false' />
  </STANDARD_FONTS>

  <DESKTOP_COLORS>
       <BackGroundColor Red='252' Green='252' Blue='250'/>
       <TitleBarColor Red='100' Green='100' Blue='255'/>
       <TitleBarFontColor Red='250' Green='250' Blue='250'/>
       <WindowTitleColor Red='235' Green='235' Blue='235'/>
       <WindowTitleFontColor Red='0' Green='0' Blue='0'/>
       <CursorColor Red='250' Green='250' Blue='220'/>
  </DESKTOP_COLORS>
 </DESKTOP>

</Config>
