<?xml version="1.0" encoding="UTF-8"?>

<Literals>
  <Literal LiteralID = "SVR0001"  Text="Data Base Error - Database Error - Please contact systems administrator"  Severity="30" Type="MessageBar"/>

  <Literal LiteralID = "SVR0002"  Text="Server Request Completed" Severity="00" Type="Pop-Up" />

  <Literal LiteralID = "SVR0003"  Text="Request Not Complete: Review Errors Below" Severity="00" Type="Pop-Up" /> 
  
  <Literal LiteralID = "SVR0004"  Text="Class Not Found - Please contact systems administrator"  Severity="30" Type="MessageBar" />

  <Literal LiteralID = "SVR0005"  Text="Server Security Exception - Please contact systems administrator"  Severity="30" Type="MessageBar" />
  
  <Literal LiteralID = "SVR0006"  Text="Method Not Found - Please contact systems administrator"   Severity="30" Type="MessageBar" />

  <Literal LiteralID = "SVR0007"  Text="Instantiation Error - Please contact systems administrator"  Severity="30" Type="MessageBar" />
	
  <Literal LiteralID = "SVR0008"  Text="Server Security Error- Please contact systems administrator"  Severity="30" Type="MessageBar" />

  <Literal LiteralID = "SVR0009"  Text="Invocation Target / Stack Trap Error - Please contact systems administrator"  Severity="30" Type="MessageBar" />

  <Literal LiteralID = "SVR0011"  Text="Menu File Not Found"  Severity="30" Type="MessageBar" /> 
  
  <Literal LiteralID = "SVR0012"  Text="Menu File XML Parse Error"  Severity="30" Type="MessageBar" />			
			
  <Literal LiteralID = "SVR0014"  Text="Menu File I/O Error"  Severity="30" Type="MessageBar" />
  
  <Literal LiteralID = "SVR0015"  Text="Script Not Found  - Please contact systems administrator"  Severity="30" Type="MessageBar" /> 

  <Literal LiteralID = "SVR0016"  Text="Script XML Parse Error  - Please contact systems administrator"  Severity="30" Type="MessageBar" /> 
  
  <Literal LiteralID = "SVR0017"  Text="Script File Error  - Please contact systems administrator"  Severity="30" Type="MessageBar" /> 





  <Literal LiteralID = "LIT0001"  Text="Item Not Found - New Entry"  Severity="10" Type="MessageBar"/>

  <Literal LiteralID = "LIT0002"  Text="Item Not Found - At End of File"   Severity="30" Type="MessageBar"/>

  <Literal LiteralID = "LIT0003"  Text="Item Not Found - At Start of File"  Severity="30" Type="MessageBar" />

  <Literal LiteralID = "LIT0004"  Text="Item Updated" Severity="00" Type="MessageBar" />

  <Literal LiteralID = "LIT0005"  Text="Item Added"  Severity="00" Type="MessageBar"/>

  <Literal LiteralID = "LIT0006"  Text="Item(s) Deleted"  Severity="00" Type="MessageBar"/>
 
  <Literal LiteralID = "LIT0007"  Text="Database Error - Please contact systems administrator"  Severity="30" Type="MessageBar"/>

  <Literal LiteralID = "LIT0008"  Text="Item Exported"  Severity="00" Type="MessageBar"/>

  <Literal LiteralID = "LIT0009"  Text="Item Imported"  Severity="00" Type="MessageBar"/>
 
  <Literal LiteralID = "LIT0010"  Text="Script Not Found"  Severity="30" Type="MessageBar"/>

  <Literal LiteralID = "LIT0011"  Text="Item Not Found"  Severity="30" Type="MessageBar"/>
 
  <Literal LiteralID = "LIT0012"  Text="Invalid Group ID"  Severity="30" Type="MessageBar"/>

  <Literal LiteralID = "LIT0013"  Text="Invalid Server Access"  Severity="30" Type="MessageBar"/>

  <Literal LiteralID = "LIT0014"  Text="Invalid Date Format"  Severity="30" Type="MessageBar"/>

  <Literal LiteralID = "LIT0015"  Text="Invalid Menu XML File"  Severity="30" Type="MessageBar"/>

 
  <Literal LiteralID = "WKP0001"  Text="Invalid Web User/Group"  Severity="30" Type="MessageBar"/>
 
  <Literal LiteralID = "WKP0002"  Text="Password Item Not Valid"  Severity="30" Type="MessageBar"/>
 
  <Literal LiteralID = "WKP0003"  Text="Invalid Or In-active KeePass Group"  Severity="30" Type="MessageBar"/>
  
  <Literal LiteralID = "WKP0004"  Text="Password ID is blanks"  Severity="30" Type="MessageBar"/>



  <Literal LiteralID = "OSS0001"  Text="Java Solutions For Enterprise Applications" Severity="00" Type="MessageText"/>

  <Literal LiteralID = "OSS0002"  Text="Another Free Application By:" Severity="00" Type="MessageText"/>


  <Literal LiteralID = "UAD0110"  Text="Edit Web User"  Severity="00" Type="MessageText"/>

  <Literal LiteralID = "UAD0130"  Text="Web User Profiles"  Severity="00" Type="MessageText"/>

  <Literal LiteralID = "UAD0100"  Text="Edit Web User Group"  Severity="00" Type="MessageText"/>

  <Literal LiteralID = "UAD0120"  Text="Web User Group Profiles"  Severity="00" Type="MessageText"/>

  <Literal LiteralID = "UAD0150"  Text="Edit Script"  Severity="00" Type="MessageText"/>

  <Literal LiteralID = "UAD0160"  Text="Edit Menu"  Severity="00" Type="MessageText"/>

  <Literal LiteralID = "UAD0190"  Text="Script Profiles"  Severity="00" Type="MessageText"/>




  <Literal LiteralID = "MTH0001"  Text="January"  Severity="00" Type="MessageText"/>

  <Literal LiteralID = "MTH0002"  Text="Febuary"  Severity="00" Type="MessageText"/>

  <Literal LiteralID = "MTH0003"  Text="March"  Severity="00" Type="MessageText"/>

  <Literal LiteralID = "MTH0004"  Text="April"  Severity="00" Type="MessageText"/>

  <Literal LiteralID = "MTH0005"  Text="May"  Severity="00" Type="MessageText"/>

  <Literal LiteralID = "MTH0006"  Text="June"  Severity="00" Type="MessageText"/>

  <Literal LiteralID = "MTH0007"  Text="July"  Severity="00" Type="MessageText"/>

  <Literal LiteralID = "MTH0008"  Text="August"  Severity="00" Type="MessageText"/>

  <Literal LiteralID = "MTH0009"  Text="September"  Severity="00" Type="MessageText"/>

  <Literal LiteralID = "MTH0010"  Text="October"  Severity="00" Type="MessageText"/>

  <Literal LiteralID = "MTH0011"  Text="November"  Severity="00" Type="MessageText"/>

  <Literal LiteralID = "MTH0012"  Text="December"  Severity="00" Type="MessageText"/>




  <Literal LiteralID = "PWD0001"  Text="Upper and Lower Letters "  Severity="00" Type="MessageText"/>

  <Literal LiteralID = "PWD0002"  Text="Lower Letters"  Severity="00" Type="MessageText"/>

  <Literal LiteralID = "PWD0003"  Text="Lower Letters and Numbers"  Severity="00" Type="MessageText"/>

  <Literal LiteralID = "PWD0004"  Text="Upper and Lower Letters and Numbers"  Severity="00" Type="MessageText"/>

  <Literal LiteralID = "PWD0005"  Text="All Printable Characters"  Severity="00" Type="MessageText"/>

  <Literal LiteralID = "PWD0006"  Text="Upper Letters"  Severity="00" Type="MessageText"/>

  <Literal LiteralID = "PWD0007"  Text="Upper Letters and Numbers"  Severity="00" Type="MessageText"/>



  <Literal LiteralID = "TXT0001"  Text="OK" Severity="00" Type="MessageText"/>

  <Literal LiteralID = "TXT0002"  Text="Select Color"  Severity="00" Type="MessageText"/>

  <Literal LiteralID = "TXT0003"  Text="Select Date"  Severity="00" Type="MessageText"/>

  <Literal LiteralID = "TXT0004"  Text="Today"  Severity="00" Type="MessageText"/>

  <Literal LiteralID = "TXT0005"  Text="Calculator"  Severity="00" Type="MessageText"/>

  <Literal LiteralID = "TXT0006"  Text="Return Value"  Severity="00" Type="MessageText"/>

  <Literal LiteralID = "TXT0007"  Text="Select Font"  Severity="00" Type="MessageText"/>

  <Literal LiteralID = "TXT0008"  Text=" Font Color "  Severity="00" Type="MessageText"/>

  <Literal LiteralID = "TXT0009"  Text=" Sample Text "  Severity="00" Type="MessageText"/>

  <Literal LiteralID = "TXT0010"  Text=" Preview "  Severity="00" Type="MessageText"/>

  <Literal LiteralID = "TXT0011"  Text="Delete Confirmation"  Severity="00" Type="MessageText"/>

  <Literal LiteralID = "TXT0012"  Text="Delete Selected Items?"  Severity="00" Type="MessageText"/>

  <Literal LiteralID = "TXT0013"  Text=" Yes "  Severity="00" Type="MessageText"/>

  <Literal LiteralID = "TXT0014"  Text=" No "  Severity="00" Type="MessageText"/>

  <Literal LiteralID = "TXT0015"  Text="Session Time Out"  Severity="00" Type="MessageText"/>

  <Literal LiteralID = "TXT0016"  Text="Your session will now end"  Severity="00" Type="MessageText"/>

  <Literal LiteralID = "TXT0017"  Text="Log-Out"  Severity="00" Type="MessageText"/>

  <Literal LiteralID = "TXT0018"  Text="Log-out Confirmation"  Severity="00" Type="MessageText"/>

  <Literal LiteralID = "TXT0019"  Text="Log-off this session?"  Severity="00" Type="MessageText"/>

  <Literal LiteralID = "TXT0020"  Text="Match case"  Severity="00" Type="MessageText"/>

  <Literal LiteralID = "TXT0021"  Text="Whole words only"  Severity="00" Type="MessageText"/>

  <Literal LiteralID = "TXT0022"  Text="Search down"  Severity="00" Type="MessageText"/>
 
  <Literal LiteralID = "TXT0023"  Text="Options"  Severity="00" Type="MessageText"/>

  <Literal LiteralID = "TXT0024"  Text="Replace:"  Severity="00" Type="MessageText"/>

  <Literal LiteralID = "TXT0025"  Text="Whole words only"  Severity="00" Type="MessageText"/>

  <Literal LiteralID = "TXT0026"  Text="Search up"  Severity="00" Type="MessageText"/>

  <Literal LiteralID = "TXT0027"  Text="Find Search String"  Severity="00" Type="MessageText"/>

  <Literal LiteralID = "TXT0028"  Text="Replace String"  Severity="00" Type="MessageText"/>
  
  <Literal LiteralID = "TXT0029"  Text="Replace All"  Severity="00" Type="MessageText"/>

  <Literal LiteralID = "TXT0030"  Text="Find / Replace"  Severity="00" Type="MessageText"/>

  <Literal LiteralID = "TXT0031"  Text="Network Request"  Severity="00" Type="MessageText"/>

  <Literal LiteralID = "TXT0032"  Text="Invalid Field Entry"  Severity="00" Type="MessageText"/>

  <Literal LiteralID = "TXT0033"  Text="Request Confirmation "  Severity="00" Type="MessageText"/>

  <Literal LiteralID = "TXT0034"  Text="A Word Of Warning    "  Severity="00" Type="MessageText"/>

  <Literal LiteralID = "TXT0035"  Text="Username:"  Severity="00" Type="MessageText"/>

  <Literal LiteralID = "TXT0036"  Text="Password:"  Severity="00" Type="MessageText"/>

  <Literal LiteralID = "TXT0038"  Text="Server Connection Reset- Try Again Later"  Severity="00" Type="MessageText"/>

  <Literal LiteralID = "TXT0039"  Text="HTTP Error"  Severity="00" Type="MessageText"/>

  <Literal LiteralID = "TXT0040"  Text="Request Change Password"  Severity="00" Type="MessageText"/>

  <Literal LiteralID = "TXT0041"  Text="Change My Password"  Severity="00" Type="MessageText"/>

  <Literal LiteralID = "TXT0042"  Text="Password cannot be blanks"  Severity="00" Type="MessageText"/>

  <Literal LiteralID = "TXT0043"  Text="New Password not valid"  Severity="00" Type="MessageText"/>

  <Literal LiteralID = "TXT0044"  Text="Server Information"  Severity="00" Type="MessageText"/>

  <Literal LiteralID = "TXT0045"  Text="Open Connections: "  Severity="00" Type="MessageText"/>

  <Literal LiteralID = "TXT0046"  Text="Objects: "  Severity="00" Type="MessageText"/>

  <Literal LiteralID = "TXT0047"  Text="Menu XML: "  Severity="00" Type="MessageText"/>

  <Literal LiteralID = "TXT0048"  Text="Date Format: "  Severity="00" Type="MessageText"/>

  <Literal LiteralID = "TXT0049"  Text="Servlet Access:" Severity="00" Type="MessageText"/>

  <Literal LiteralID = "TXT0050"  Text="Servlet Logs:" Severity="00" Type="MessageText"/>

  <Literal LiteralID = "TXT0051"  Text="View Server Log" Severity="00" Type="MessageText"/>

  <Literal LiteralID = "TXT0052"  Text="User Security And Edit XML" Severity="00" Type="MessageText"/>

  <Literal LiteralID = "TXT0053"  Text="Tools" Severity="00" Type="MessageText"/>
 
  <Literal LiteralID = "TXT0054"  Text="Log-off" Severity="00" Type="MessageText"/>

  <Literal LiteralID = "TXT0055"  Text="Clipboard cleared in:" Severity="00" Type="MessageText"/>

  <Literal LiteralID = "TXT0056"  Text="Set Split"  Severity="00" Type="MessageText"/>

  <Literal LiteralID = "TXT0057"  Text="   User: "  Severity="00" Type="MessageText"/>

  <Literal LiteralID = "TXT0058"  Text="   Date: "  Severity="00" Type="MessageText"/>

  <Literal LiteralID = "TXT0059"  Text="Customize Desk Top"  Severity="00" Type="MessageText"/>

  <Literal LiteralID = "TXT0060"  Text="Color"  Severity="00" Type="MessageText"/>

  <Literal LiteralID = "TXT0061"  Text="Font"  Severity="00" Type="MessageText"/>

  <Literal LiteralID = "TXT0062"  Text="Background: "  Severity="00" Type="MessageText"/>

  <Literal LiteralID = "TXT0063"  Text="Std font: "  Severity="00" Type="MessageText"/>

  <Literal LiteralID = "TXT0064"  Text="Title Bar Font: "  Severity="00" Type="MessageText"/>

  <Literal LiteralID = "TXT0065"  Text="Title Font: "  Severity="00" Type="MessageText"/>

  <Literal LiteralID = "TXT0066"  Text="Title Bar: "  Severity="00" Type="MessageText"/>

  <Literal LiteralID = "TXT0067"  Text="Cursor: "  Severity="00" Type="MessageText"/>

  <Literal LiteralID = "TXT0068"  Text="Save Desktop "  Severity="00" Type="MessageText"/>

  <Literal LiteralID = "TXT0069"  Text="Change My Password"  Severity="00" Type="MessageText"/>

  <Literal LiteralID = "TXT0070"  Text="Current Password: "  Severity="00" Type="MessageText"/>

  <Literal LiteralID = "TXT0071"  Text="New Password:     "  Severity="00" Type="MessageText"/>

  <Literal LiteralID = "TXT0072"  Text="Repeat New Password:  "  Severity="00" Type="MessageText"/>

  <Literal LiteralID = "TXT0073"  Text="Change Password"  Severity="00" Type="MessageText"/>

  <Literal LiteralID = "TXT0074"  Text="Start Administrative Tasks"  Severity="00" Type="MessageText"/>

  <Literal LiteralID = "TXT0075"  Text=" About "  Severity="00" Type="MessageText"/>
 
  <Literal LiteralID = "TXT0076"  Text="Change My Password"  Severity="00" Type="MessageText"/>

  <Literal LiteralID = "TXT0077"  Text="Desktop Themes"  Severity="00" Type="MessageText"/>

  <Literal LiteralID = "TXT0078"  Text="Script Details"  Severity="00" Type="MessageText"/>
 
  <Literal LiteralID = "TXT0079"  Text="Dock Window"  Severity="00" Type="MessageText"/>

  <Literal LiteralID = "TXT0080"  Text="Screen Name:"  Severity="00" Type="MessageText"/>

  <Literal LiteralID = "TXT0081"  Text="Command Keys:"  Severity="00" Type="MessageText"/>

  <Literal LiteralID = "TXT0082"  Text="Title:"  Severity="00" Type="MessageText"/>

  <Literal LiteralID = "TXT0083"  Text="Servlet Class:" Severity="00" Type="MessageText"/>

  <Literal LiteralID = "TXT0084"  Text="Width:" Severity="00" Type="MessageText"/>

  <Literal LiteralID = "TXT0085"  Text="F3 = Exit " Severity="00" Type="MessageText"/>

  <Literal LiteralID = "TXT0086"  Text="Height:" Severity="00" Type="MessageText"/>

  <Literal LiteralID = "TXT0087"  Text="F4 = Prompt" Severity="00" Type="MessageText"/>

  <Literal LiteralID = "TXT0088"  Text="Total Screen Objects:" Severity="00" Type="MessageText"/>

  <Literal LiteralID = "TXT0089"  Text="F5 = Expand Messages " Severity="00" Type="MessageText"/>

  <Literal LiteralID = "TXT0090"  Text="Show Script Tips:" Severity="00" Type="MessageText"/>

  <Literal LiteralID = "TXT0091"  Text=" Cancel " Severity="00" Type="MessageText"/>

  <Literal LiteralID = "TXT0092"  Text="Request Not Complete: Review Errors Below" Severity="00" Type="MessageText"/>

  <Literal LiteralID = "TXT0093"  Text="Server Request Completed" Severity="00" Type="MessageText"/>

  <Literal LiteralID = "TXT0094"  Text="must be numeric" Severity="00" Type="MessageText"/>

  <Literal LiteralID = "TXT0095"  Text="must be a valid date" Severity="00" Type="MessageText"/>

  <Literal LiteralID = "TXT0096"  Text="must be a valid time as" Severity="00" Type="MessageText"/>

  <Literal LiteralID = "TXT0097"  Text="Find next" Severity="00" Type="MessageText"/>

  <Literal LiteralID = "TXT0098"  Text="The file cannot be imported" Severity="00" Type="MessageText"/>

  <Literal LiteralID = "TXT0099"  Text="Details" Severity="00" Type="MessageText"/>
  
  <Literal LiteralID = "TXT0100"  Text="Icons" Severity="00" Type="MessageText"/>

  <Literal LiteralID = "TXT0101"  Text="Import Document" Severity="00" Type="MessageText"/>

  <Literal LiteralID = "TXT0102"  Text="View Document" Severity="00" Type="MessageText"/>

  <Literal LiteralID = "TXT0103"  Text="Delete Document" Severity="00" Type="MessageText"/>
 
  <Literal LiteralID = "TXT0104"  Text="Browse" Severity="00" Type="MessageText"/>

  <Literal LiteralID = "TXT0105"  Text="File not found" Severity="00" Type="MessageText"/>

  <Literal LiteralID = "TXT0106"  Text="File cannot be saved" Severity="00" Type="MessageText"/>

  <Literal LiteralID = "TXT0107"  Text="Import" Severity="00" Type="MessageText"/>

  <Literal LiteralID = "TXT0108"  Text="Export" Severity="00" Type="MessageText"/>

  <Literal LiteralID = "TXT0109"  Text="File format not correct" Severity="00" Type="MessageText"/>

  <Literal LiteralID = "TXT0110"  Text="show / hide password" Severity="00" Type="MessageText"/>

  <Literal LiteralID = "TXT0111"  Text="Create password" Severity="00" Type="MessageText"/>

  <Literal LiteralID = "TXT0112"  Text=" Like " Severity="00" Type="MessageText"/>

  <Literal LiteralID = "TXT0113"  Text=" Starts with " Severity="00" Type="MessageText"/>

  <Literal LiteralID = "TXT0114"  Text=" Ends with " Severity="00" Type="MessageText"/>

  <Literal LiteralID = "TXT0115"  Text=" Less then " Severity="00" Type="MessageText"/>

  <Literal LiteralID = "TXT0116"  Text=" Greater then " Severity="00" Type="MessageText"/>

  <Literal LiteralID = "TXT0117"  Text=" Equal to " Severity="00" Type="MessageText"/>

  <Literal LiteralID = "TXT0118"  Text=" Not equal to " Severity="00" Type="MessageText"/>

  <Literal LiteralID = "TXT0119"  Text="Print" Severity="00" Type="MessageText"/>
 
  <Literal LiteralID = "TXT0120"  Text="Copy table to clipboard" Severity="00" Type="MessageText"/>

  <Literal LiteralID = "TXT0121"  Text="Cut " Severity="00" Type="MessageText"/>
 
  <Literal LiteralID = "TXT0122"  Text="Copy " Severity="00" Type="MessageText"/>

  <Literal LiteralID = "TXT0123"  Text="Paste " Severity="00" Type="MessageText"/>

  <Literal LiteralID = "TXT0124"  Text="Source " Severity="00" Type="MessageText"/>

  <Literal LiteralID = "TXT0125"  Text="Export Document" Severity="00" Type="MessageText"/>

  <Literal LiteralID = "TXT0126"  Text="Find and Replace" Severity="00" Type="MessageText"/>

  <Literal LiteralID = "TXT0127"  Text="Desktop Themes" Severity="00" Type="MessageText"/>

  <Literal LiteralID = "TXT0128"  Text="F1 = Dock Window" Severity="00" Type="MessageText"/>

  <Literal LiteralID = "TXT0129"  Text="F2 = Select Menu" Severity="00" Type="MessageText"/>
  
  <Literal LiteralID = "TXT0130"  Text="Edit Robot" Severity="00" Type="MessageText"/>

  <Literal LiteralID = "TXT0131"  Text="Clear Robot" Severity="00" Type="MessageText"/>

  <Literal LiteralID = "TXT0132"  Text="Run Robot" Severity="00" Type="MessageText"/>

  <Literal LiteralID = "TXT0133"  Text="Insert User Id" Severity="00" Type="MessageText"/>
  
  <Literal LiteralID = "TXT0134"  Text="Insert Password Id" Severity="00" Type="MessageText"/>

  <Literal LiteralID = "TXT0135"  Text="Insert Password" Severity="00" Type="MessageText"/>
  
  <Literal LiteralID = "TXT0136"  Text="Insert  Email" Severity="00" Type="MessageText"/>
 
  <Literal LiteralID = "TXT0137"  Text="Insert Tab Key"  Severity="00" Type="MessageText"/>

  <Literal LiteralID = "TXT0138"  Text="Insert Delay for 2 Seconds"  Severity="00" Type="MessageText"/>

  <Literal LiteralID = "TXT0139"  Text="Insert Delay for 5 Seconds"  Severity="00" Type="MessageText"/>

  <Literal LiteralID = "TXT0140"  Text="Insert Delay for 10 Seconds"  Severity="00" Type="MessageText"/>

  <Literal LiteralID = "TXT0141"  Text="Insert Delay for 20 Seconds"  Severity="00" Type="MessageText"/>

  <Literal LiteralID = "TXT0142"  Text="Insert Enter Key"  Severity="00" Type="MessageText"/>
  
  <Literal LiteralID = "TXT0143"  Text="Load Web Site"  Severity="00" Type="MessageText"/>

  <Literal LiteralID = "TXT0144"  Text="Load Alt-Web Site"  Severity="00" Type="MessageText"/>

  <Literal LiteralID = "TXT0145"  Text="Run Program"  Severity="00" Type="MessageText"/>
  
  <Literal LiteralID = "TXT0146"  Text="Insert Back Tab Key"  Severity="00" Type="MessageText"/>

  <Literal LiteralID = "TXT0147"  Text="Insert Home Key"  Severity="00" Type="MessageText"/> 

</Literals>

