<?xml version="1.0" encoding="UTF-8"?>

<!--	 **Script Builder 2.1 *  -->
<!--	 	 Script Name :  KeePass017 -->
<!--	 	 Description :  Create KeePass Groups -->
<!--	 	 Server Class :  server.Akin -->
<!--	 	 Initalization Method :  getBndList -->
<!--	 	 File Path :  /home/pjones/Projects/JavaProjects/WebKeePassLuke/jakarta-tomcat-5.5.7/webapps/ROOT/XML/KeePass017.xml -->
<!--	 	 Last Update :  18-May-2008 -->
<!--	 	 User Profile:  pjones -->
<SCRIPT SCRIPT_NAME="KeePass017" DOCUMENT_TYPE="Window" CLASS_NAME="server.Akin" METHOD="getBndList" AUTO_REFRESH="false" ICON="icon.jpg" DESCRIPTION="Create KeePass Groups" Screen_Title="Create KeePass Groups" WIDTH="560" HEIGHT="640">
  <ButtonBar>
    <BarButton TYPE="CLEAR" DESCRIPTION="Clear" ICON="iClear.gif" />
    <BarButton TYPE="FIND" DESCRIPTION="Find/Refresh" ICON="iFind.gif" METHOD="getBndList" />
    <BarButton TYPE="POST" DESCRIPTION="Add/Update" ICON="iEdit.gif" METHOD="updBndList" />
    <BarButton TYPE="NEW-LINE" DESCRIPTION="New" ICON="iNew.gif" />
    <BarButton TYPE="DEL-LINE" DESCRIPTION="Delete" ICON="iDelete.gif" METHOD="delBndList" />
  </ButtonBar>
  <Table FIELDNAME="Table1" HEIGHT="20" WIDTH="20" POSITION="Left">
    <TableTextField FIELDNAME="BundleID" DESCRIPTION="-ID" LENGTH="2" DECIMALS="0" DATA_TYPE="INT" DATA_LEN="10" PROTECTED="Y" ZERO_FILL="N" ENCRYPT="N" ALIGNMENT="Left" />
    <TableTextField FIELDNAME="aa" DESCRIPTION="KeePass Group" LENGTH="6" DECIMALS="0" DATA_TYPE="CHR" DATA_LEN="50" PROTECTED="N" ZERO_FILL="N" ENCRYPT="Y" ALIGNMENT="Left" PARAMETER="@aa" />
    <TableTextField FIELDNAME="bb" DESCRIPTION="Description" LENGTH="15" DECIMALS="0" DATA_TYPE="CHR" DATA_LEN="50" PROTECTED="N" ZERO_FILL="N" ENCRYPT="Y" ALIGNMENT="Left" />
    <TableCheckBox FIELDNAME="cc" DESCRIPTION="KeePass Active " ENCRYPT="Y" />
  </Table>
</SCRIPT>

