<?xml version="1.0" encoding="UTF-8"?>

<!--	 **Script Builder 4.0 - www.ossfree.net *  -->
<!--	 	 Script Name :  UserAdmin150 -->
<!--	 	 Description :  Edit Screen  -->
<!--	 	 Server Class :  webBoltOns.server.DevelopmentTools -->
<!--	 	 Initalization Method :   -->
<!--	 	 File Path :  /home/pjones/Projects/JavaProjects/WebKeepass/wkp/jakarta-tomcat-5.5.7/webapps/ROOT/XML/ENG/UserAdmin150.xml -->
<!--	 	 Last Update :  25-Nov-2010 -->
<!--	 	 User Profile:  root -->
<SCRIPT SCRIPT_NAME="UserAdmin150" DOCUMENT_TYPE="Window" CLASS_NAME="webBoltOns.server.DevelopmentTools" AUTO_REFRESH="false" ICON="icon.jpg" DESCRIPTION="Edit Screen " Screen_Title="Edit Screen " WIDTH="680" HEIGHT="650">
  <ButtonBar>
    <BarButton TYPE="CLEAR" DESCRIPTION="Clear  " ICON="iClear.gif" />
    <BarButton TYPE="FIND" DESCRIPTION="Load    " ICON="iFind.gif" METHOD="getScriptDetails" />
    <BarButton TYPE="POST" DESCRIPTION="Save    " ICON="iEdit.gif" METHOD="saveScriptDetails" />
  </ButtonBar>
  <Panel POSITION="Left" HIDDEN="N">
    <TextField FIELDNAME="ScriptID" DESCRIPTION="Script Name" LENGTH="10" DECIMALS="0" DATA_TYPE="CHR" DATA_LEN="0" POSITION="Left" PROTECTED="N" HIDDEN="N" ZERO_FILL="N" ENCRYPT="N" LINK="UserAdmin190" PARAMETER="@ScriptFileName" METHOD="getScriptDetails" />
    <SpinnerField FIELDNAME="Wdth" DESCRIPTION="  Screen Width" LENGTH="7" DATA_LEN="0" POSITION="Right" />
    <TextField FIELDNAME="DescID" DESCRIPTION="Description" LENGTH="25" DECIMALS="0" DATA_TYPE="CHR" DATA_LEN="0" POSITION="Left" PROTECTED="N" HIDDEN="N" ZERO_FILL="N" ENCRYPT="N" />
    <SpinnerField FIELDNAME="Hght" DESCRIPTION="  Height" LENGTH="7" DATA_LEN="0" POSITION="Right" />
    <CheckBox FIELDNAME="aFresh" DESCRIPTION="Refresh" ENCRYPT="N" />
    <TextField FIELDNAME="ClassID" DESCRIPTION="Server Class" LENGTH="25" DECIMALS="0" DATA_TYPE="CHR" DATA_LEN="0" POSITION="Left" PROTECTED="N" HIDDEN="N" ZERO_FILL="N" ENCRYPT="N" />
    <TextField FIELDNAME="MethodID" DESCRIPTION="  Init Method" LENGTH="20" DECIMALS="0" DATA_TYPE="CHR" DATA_LEN="0" POSITION="Right" PROTECTED="N" HIDDEN="N" ZERO_FILL="N" ENCRYPT="N" />
    <TextField FIELDNAME="aIcon" DESCRIPTION="    Icon" LENGTH="20" DECIMALS="0" DATA_TYPE="CHR" DATA_LEN="0" POSITION="Right" PROTECTED="N" HIDDEN="N" ZERO_FILL="N" ENCRYPT="N" />
  </Panel>
  <Panel POSITION="Left" HIDDEN="N">
    <ScriptEditor FIELDNAME="SEditor" HEIGHT="470" />
  </Panel>
</SCRIPT>

