<?xml version="1.0"?>
<JRivet>

 <!-- JDBC Data source info for the DataAccess object-->

 <DATABASE_CONNECTION>

  <DATABASE_NAME>Web Register</DATABASE_NAME>
  <DESCRIPTION>Web Register</DESCRIPTION>
  <DRIVER>com.mysql.jdbc.Driver</DRIVER>
  <URL>jdbc:mysql://localhost/WebKeePass2</URL>
  <CONNECTIONS>5</CONNECTIONS>
  <CONNECT_TYPE>HTTP</CONNECT_TYPE>
  <REGISTRY_PORT>5555</REGISTRY_PORT>
  <SOCKET_PORT>5556</SOCKET_PORT>
  <USERID>root</USERID>
  <PASSWORD>powerful</PASSWORD>

 </DATABASE_CONNECTION>


 <CONFIG>

  <BANNER_TITLE>Web Register</BANNER_TITLE>


 <!-- XML folder locations - This is the path to the folder containing all jRivet XML files -->
  <DATABASE_SCHEMA>C:\WebKee2\jakarta-tomcat-5.5.7\webapps\ROOT\WEB-INF\Schema1.xml</DATABASE_SCHEMA>
  <LITERALS>C:\WebKee2\jakarta-tomcat-5.5.7\webapps\ROOT\WEB-INF\Literal1.xml</LITERALS>
  
  <SCRIPT_DIRECTORY>C:\WebKee2\jakarta-tomcat-5.5.7\webapps\ROOT\XML\</SCRIPT_DIRECTORY>
  <IMAGE_DIRECTORY>C:\WebKee2\jakarta-tomcat-5.5.7\webapps\ROOT\XML\images\</IMAGE_DIRECTORY>
  <LOG_DIRECTORY>C:\WebKee2\jakarta-tomcat-5.5.7\logs\</LOG_DIRECTORY>




 <!--  Email Server Location and system email from address -->
  <Email_Server>mail.myServer.com</Email_Server>
  <Email_Address>geekuser@mail.myServer.com</Email_Address>
  <Email_User>user</Email_User>
  <Email_Password>password</Email_Password>


 

<!-- User Defaults -->

  <MENU>CCMenu</MENU>
  <DATE_FORMAT>dd-MMM-yyyy</DATE_FORMAT>
  <SERVER_DATE_FORMAT>yyyyMMdd</SERVER_DATE_FORMAT>
  <DEBUG_LEVEL>0</DEBUG_LEVEL>

 <!-- User Security Manager - Set 'ON' / 'OFF'  -->
  <UserSecurityManager>JRIVET</UserSecurityManager>
    
 </CONFIG>


 
 <!-- Desk top settings, defaults and icons -->
 
 <DESKTOP>



 <!-- Images and icons -->


   <IMAGES> 
    <menuBannerImage>banner.jpg</menuBannerImage> 
    <logo_Icon>oDot.gif</logo_Icon> 
    <link_Icon>Link.gif</link_Icon> 
    <post_Icon>Post.gif</post_Icon> 
    <error_Icon>iError.jpg</error_Icon> 
    <warn_Icon>iWarn.jpg</warn_Icon> 
    <message_Icon>iMessage.jpg</message_Icon> 
    <optionQuestionIcon>Question.gif</optionQuestionIcon> 
    <optionMessageIcon>Message.gif</optionMessageIcon> 
    <treeClosedIcon>MNode2.gif</treeClosedIcon> 
    <treeOpenIcon>MNode2.gif</treeOpenIcon> 
    <treeLeafIcon>MNode3.gif</treeLeafIcon> 
    <webDocumentURLIcon>webURL.gif</webDocumentURLIcon> 
    <emailDocumentURLIcon>webEMAIL.gif</emailDocumentURLIcon> 
    <upMessageArrowIcon>Up.gif</upMessageArrowIcon> 
    <downMessageArrowIcon>Down.gif</downMessageArrowIcon> 
    <tableCopyIcon>copy.gif</tableCopyIcon> 
    <tablePrintIcon>print.gif</tablePrintIcon> 
    <menuDocumentIcon>MNode2.gif</menuDocumentIcon> 
    <menuScriptIcon>MNode2.gif</menuScriptIcon> 
    <menuOpenedIcon>MNode2.gif</menuOpenedIcon> 
    <menuClosedIcon>MNode2.gif</menuClosedIcon> 
    <menuCollapseIcon>treeCollapse.gif</menuCollapseIcon> 
    <menuExpandIcon>treeExpand.gif</menuExpandIcon> 
    <menuQuickLinkIcon>Link.gif</menuQuickLinkIcon> 
    <menuScriptLinkIcon>webURL.gif</menuScriptLinkIcon>  
    <cIcon>treeCollapse.gif</cIcon> 
   </IMAGES> 

 
  <STANDARD_FONTS>
    <HeaderFont   FamilyName ='ARIAL'  PointSize= '11'   Italics='false'  Bolded='true' />
    <RegularFont  FamilyName ='ARIAL'  PointSize= '11'   Italics='false'  Bolded='false' />
  </STANDARD_FONTS>
 
  <DESKTOP_COLORS>
       <BackGroundColor Red='252' Green='252' Blue='250'/>
       <TitleBarColor Red='100' Green='100' Blue='255'/>
       <TitleBarFontColor Red='250' Green='250' Blue='250'/>
       <WindowTitleColor Red='235' Green='235' Blue='235'/>
       <WindowTitleFontColor Red='0' Green='0' Blue='0'/>
       <CursorColor Red='250' Green='250' Blue='220'/>
  </DESKTOP_COLORS>



 </DESKTOP>

</JRivet>
