<?xml version="1.0" encoding="UTF-8"?>

<!--	 **Script Builder 4.0 -  www.ossfree.net *  -->
<!--	 	 Script Name :  CCMenu -->
<!--	 	 Description :  Web Kee Pass -->
<!--	 	 File Path :  /home/pjones/Projects/JavaProjects/WebKeepass/wkp/jakarta-tomcat-5.5.7/webapps/ROOT/XML/ENG/CCMenu.xml -->
<!--	 	 Last Update :  09-Aug-2010 -->
<!--	 	 User Profile:  root -->
<SCRIPT SCRIPT_NAME="CCMenu" DOCUMENT_TYPE="Menu" DESCRIPTION="Web Kee Pass" Screen_Title="Web Kee Pass">
  <SubMenu DESCRIPTION="Toimii minun salasanat" LINK="WKP-MyPasswords" QUICK_LINK="FALSE">
    <Script DESCRIPTION="Oma Salasanat Profile" ICON="WKP8.jpg" LINK="KeePass006" QUICK_LINK="TRUE" />
    <Script DESCRIPTION="Edit salasanani" ICON="WKP1.jpg" LINK="KeePass002" QUICK_LINK="TRUE" />
    <Script DESCRIPTION="My salasanoja Luokka" ICON="WKP6.jpg" LINK="KeePass001" QUICK_LINK="TRUE" />
  </SubMenu>
  <SubMenu DESCRIPTION="Jaettuja salasanat" LINK="WKP-SharePasswords" QUICK_LINK="FALSE">
    <SubMenu DESCRIPTION="Salasanat jaan" LINK="WKP-MySharePasswords" QUICK_LINK="FALSE">
      <Script DESCRIPTION="Jaa salasanat" ICON="WKP2.jpg" LINK="KeePass007" QUICK_LINK="TRUE" />
      <Script DESCRIPTION="My Shared Salasana Profile" ICON="WKP4.jpg" LINK="KeePass016" QUICK_LINK="TRUE" />
    </SubMenu>
    <SubMenu DESCRIPTION="Salasanat Yhteiset To Me" LINK="WKP-MyOthersPasswords" QUICK_LINK="FALSE">
      <Script DESCRIPTION="Salasanat jaetaan ym." ICON="WKP9.jpg" LINK="KeePass008" QUICK_LINK="TRUE" />
      <Script DESCRIPTION="Yhteiset salasanoja Luokka" ICON="WKP6.jpg" LINK="KeePass013" QUICK_LINK="TRUE" />
    </SubMenu>
    <Script DESCRIPTION="Muokkaa Jaa Ryhmät" LINK="KeePass017" QUICK_LINK="FALSE" />
    <Script DESCRIPTION="Muokkaa Jaa Kategoriat" LINK="KeePass014" QUICK_LINK="FALSE" />
  </SubMenu>
  <SubMenu DESCRIPTION="Työ käyttäjien kanssa" LINK="WKP-Users" QUICK_LINK="FALSE">
    <Script DESCRIPTION="Käyttäjäprofiili" ICON="WKPD.jpg" LINK="UserAdmin130" QUICK_LINK="TRUE" />
    <Script DESCRIPTION="Edit Käyttäjät" ICON="WKPB.jpg" LINK="UserAdmin110" QUICK_LINK="TRUE" />
    <Script DESCRIPTION="User Group Profile" ICON="WKPC.jpg" LINK="UserAdmin120" QUICK_LINK="TRUE" />
    <Script DESCRIPTION="Muokkaa Käyttäjäryhmät" ICON="WKPA.jpg" LINK="UserAdmin100" QUICK_LINK="TRUE" />
  </SubMenu>
</SCRIPT>

