<?xml version="1.0" encoding="UTF-8"?>

<!--	 **Script Builder 2.1 *  -->
<!--	 	 Script Name :  KeePass015 -->
<!--	 	 Description :  Update Shared Group -->
<!--	 	 Server Class :  server.CryptKp -->
<!--	 	 Initalization Method :  getCryptKeeper -->
<!--	 	 File Path :  /home/pjones/Projects/JavaProjects/WebKeepass/jakarta-tomcat-5.5.7/webapps/ROOT/XML/KeePass015.xml -->
<!--	 	 Last Update :  18-Mar-2009 -->
<!--	 	 User Profile:  root -->
<SCRIPT SCRIPT_NAME="KeePass015" DOCUMENT_TYPE="Window" CLASS_NAME="server.CryptKp" METHOD="getCryptKeeper" AUTO_REFRESH="false" ICON="icon.jpg" DESCRIPTION="Päivitä Jaettu ryhmä" Screen_Title="Update Shared Group" WIDTH="610" HEIGHT="380">
  <ButtonBar>
    <BarButton TYPE="CLEAR" DESCRIPTION="Tyhjennä / Uusi" ICON="iClear.gif" />
    <BarButton TYPE="FIND" DESCRIPTION="Etsi / Päivitä" ICON="iFind.gif" METHOD="getCryptKeeper" />
    <BarButton TYPE="PREV" DESCRIPTION="Edellinen" ICON="iPrev.gif" METHOD="prvCryptKeeper" />
    <BarButton TYPE="NEXT" DESCRIPTION="Ensi" ICON="iNext.gif" METHOD="nxtCryptKeeper" />
    <BarButton TYPE="POST" DESCRIPTION="Päivitä muutokset" ICON="iEdit.gif" METHOD="updCryptKeeper" />
  </ButtonBar>
  <Panel POSITION="Left" HIDDEN="N">
    <TextField FIELDNAME="KeeperID" DESCRIPTION="ID #" LENGTH="4" DECIMALS="0" DATA_TYPE="INT" DATA_LEN="5" POSITION="Left" PROTECTED="N" HIDDEN="N" ZERO_FILL="N" ENCRYPT="N" />
    <TextField FIELDNAME="KeeperDesc" DESCRIPTION="Ryhmä desc." LENGTH="30" DECIMALS="0" DATA_TYPE="CHR" DATA_LEN="50" POSITION="Left" PROTECTED="N" HIDDEN="N" ZERO_FILL="N" ENCRYPT="N" />
    <TextField FIELDNAME="KeeperIcon" DESCRIPTION="kuvake Tiedoston nimi" LENGTH="15" DECIMALS="0" DATA_TYPE="CHR" DATA_LEN="50" POSITION="Left" PROTECTED="N" HIDDEN="N" ZERO_FILL="N" ENCRYPT="N" />
    <TextField FIELDNAME="CreateDate" DESCRIPTION="CreateDate" LENGTH="12" DECIMALS="0" DATA_TYPE="DAT" DATA_LEN="20" POSITION="Left" PROTECTED="Y" HIDDEN="N" ZERO_FILL="N" ENCRYPT="N" />
    <TextField FIELDNAME="LastUpdate" DESCRIPTION="Viimeisin päivitys" LENGTH="12" DECIMALS="0" DATA_TYPE="DAT" DATA_LEN="20" PROTECTED="Y" HIDDEN="N" ZERO_FILL="N" ENCRYPT="N" />
    <ComboBox FIELDNAME="PrntID" DESCRIPTION="Vanhempi" LENGTH="15" DATA_TYPE="CHR" POSITION="Left" ENCRYPT="N" LIST_TABLE_NAME="wkpGroups" LIST_TABLE_FIELD="KeeperID" LIST_TABLE_DESCRIPTION="KeeperDesc" LIST_TABLE_SELECTTION="j1 = :[Share-Group/]:" />
  </Panel>
</SCRIPT>

