<?xml version="1.0" encoding="UTF-8"?>

<!--	 **Script Builder 2.1 *  -->
<!--	 	 Script Name :  UserAdmin110 -->
<!--	 	 Description :  Edit User -->
<!--	 	 Server Class :  server.Adherent -->
<!--	 	 Initalization Method :   -->
<!--	 	 File Path :  /home/pjones/Projects/JavaProjects/WebKeePassLuke/jakarta-tomcat-5.5.7/webapps/ROOT/XML/UserAdmin110.xml -->
<!--	 	 Last Update :  18-May-2008 -->
<!--	 	 User Profile:  pjones -->
<SCRIPT SCRIPT_NAME="UserAdmin110" DOCUMENT_TYPE="Window" CLASS_NAME="server.Adherent" AUTO_REFRESH="false" ICON="WKPB.jpg" DESCRIPTION="Muokkaa käyttäjää" Screen_Title="Edit User" WIDTH="830" HEIGHT="730">
  <ButtonBar>
    <BarButton TYPE="CLEAR" DESCRIPTION="Selkeä" ICON="iClear.gif" />
    <BarButton TYPE="FIND" DESCRIPTION="Etsi-se!" ICON="iFind.gif" METHOD="getUser" />
    <BarButton TYPE="DELETE" DESCRIPTION="Poista" ICON="iDelete.gif" METHOD="deleteUser" />
    <BarButton TYPE="PREV" DESCRIPTION="Edellinen" ICON="iPrev.gif" METHOD="prvUser" />
    <BarButton TYPE="NEXT" DESCRIPTION="Seuraava" ICON="iNext.gif" METHOD="nxtUser" />
    <BarButton TYPE="POST" DESCRIPTION="Lisää / Päivitä" ICON="iEdit.gif" METHOD="updUser" />
    <BarButton TYPE="NEW-LINE" DESCRIPTION="Uusi KeePass Grp" ICON="iNew.gif" />
    <BarButton TYPE="DEL-LINE" DESCRIPTION="Poista KeePass Grp" ICON="iNew.gif" METHOD="deleteAdherent" />
  </ButtonBar>
  <Panel HIDDEN="N">
    <TextField FIELDNAME="UserID" DESCRIPTION="Käyttäjätunnus" LENGTH="8" DECIMALS="0" DATA_TYPE="CHR" DATA_LEN="0" POSITION="Left" PROTECTED="N" HIDDEN="N" ZERO_FILL="N" ENCRYPT="N" LINK="UserAdmin130" METHOD="getUser" />
    <TextField FIELDNAME="UserDescription" DESCRIPTION="Kuvaus" LENGTH="20" DECIMALS="0" DATA_TYPE="CHR" DATA_LEN="0" POSITION="Left" PROTECTED="N" HIDDEN="N" ZERO_FILL="N" ENCRYPT="N" />
    <PasswordField FIELDNAME="Password" DESCRIPTION="Salasana" LENGTH="20" DATA_LEN="30" POSITION="Left" HIDDEN="N" ENCRYPT="N" ALIGNMENT="Left" />
    <CheckBox FIELDNAME="UpdPW" DESCRIPTION="Päivitä Salasana" ENCRYPT="N" />
  </Panel>
  <Panel POSITION="Left" HIDDEN="N">
    <TextField FIELDNAME="WebSite" DESCRIPTION="Sivuston" LENGTH="47" DECIMALS="0" DATA_TYPE="CHR" DATA_LEN="100" POSITION="Left" PROTECTED="N" HIDDEN="N" ZERO_FILL="N" ENCRYPT="N" />
    <Button FIELDNAME="WebSite" METHOD="URL" />
    <TextField FIELDNAME="Email" DESCRIPTION="Sähköpostiosoite" LENGTH="47" DECIMALS="0" DATA_TYPE="CHR" DATA_LEN="100" POSITION="Left" PROTECTED="N" HIDDEN="N" ZERO_FILL="N" ENCRYPT="N" />
    <Button FIELDNAME="Email" ICON="webEMAIL.gif" METHOD="EMAIL" />
  </Panel>
  <TabGroup HEIGHT="0" WIDTH="0" POSITION="Left" COMPONENT_ORIENTATION="Bottom">
    <TabItem DESCRIPTION="Osoite">
      <Panel DESCRIPTION="Osoitetiedot" POSITION="Left Fill" HIDDEN="N">
	<TextField FIELDNAME="Name" DESCRIPTION="Nimi" LENGTH="25" DECIMALS="0" DATA_TYPE="CHR" DATA_LEN="50" POSITION="Left" PROTECTED="N" HIDDEN="N" ZERO_FILL="N" ENCRYPT="N" />
	<TextField FIELDNAME="Address1" DESCRIPTION="Osoite" LENGTH="30" DECIMALS="0" DATA_TYPE="CHR" DATA_LEN="50" POSITION="Left" PROTECTED="N" HIDDEN="N" ZERO_FILL="N" ENCRYPT="N" />
	<TextField FIELDNAME="Address2" LENGTH="30" DECIMALS="0" DATA_TYPE="CHR" DATA_LEN="50" POSITION="Left" PROTECTED="N" HIDDEN="N" ZERO_FILL="N" ENCRYPT="N" />
	<TextField FIELDNAME="Address3" LENGTH="30" DECIMALS="0" DATA_TYPE="CHR" DATA_LEN="50" POSITION="Left" PROTECTED="N" HIDDEN="N" ZERO_FILL="N" ENCRYPT="N" />
	<TextField FIELDNAME="Address4" LENGTH="20" DECIMALS="0" DATA_TYPE="CHR" DATA_LEN="50" POSITION="Left" PROTECTED="N" HIDDEN="N" ZERO_FILL="N" ENCRYPT="N" />
	<TextField FIELDNAME="Phone1" DESCRIPTION="Puhelinnumero" LENGTH="25" DECIMALS="0" DATA_TYPE="CHR" DATA_LEN="50" POSITION="Left" PROTECTED="N" HIDDEN="N" ZERO_FILL="N" ENCRYPT="N" />
	<TextField FIELDNAME="Fax" DESCRIPTION="Faksinumero" LENGTH="25" DECIMALS="0" DATA_TYPE="CHR" DATA_LEN="50" POSITION="Left" PROTECTED="N" HIDDEN="N" ZERO_FILL="N" ENCRYPT="N" />
      </Panel>
      <Panel DESCRIPTION="Saada tietoja" POSITION="Right Fill" HIDDEN="N">
	<Panel HIDDEN="N">
	  <CheckBox FIELDNAME="ActiveUser" DESCRIPTION="Käyttäjä aktiivinen" POSITION="Left" ENCRYPT="N" />
	</Panel>
	<Panel HIDDEN="N">
	  <TextField FIELDNAME="GroupID" DESCRIPTION="Käyttäjäryhmä" LENGTH="10" DECIMALS="0" DATA_TYPE="CHR" DATA_LEN="0" POSITION="Left" PROTECTED="N" HIDDEN="N" ZERO_FILL="N" ENCRYPT="N" LINK="UserAdmin120" PARAMETER="GroupID" />
	  <TextField FIELDNAME="LastChangeDate" DESCRIPTION="Last Update" LENGTH="9" DECIMALS="0" DATA_TYPE="DAT" DATA_LEN="0" POSITION="Left" PROTECTED="N" HIDDEN="N" ZERO_FILL="N" ENCRYPT="N" />
	  <TextField FIELDNAME="InActiveDate" DESCRIPTION="Päivämäärä aktiivinen" LENGTH="9" DECIMALS="0" DATA_TYPE="DAT" DATA_LEN="0" POSITION="Left" PROTECTED="N" HIDDEN="N" ZERO_FILL="N" ENCRYPT="N" />
	</Panel>
      </Panel>
    </TabItem>
    <TabItem DESCRIPTION="KeePass Ryhmät">
      <Panel FIELDNAME="Bundles" DESCRIPTION="KeePass Ryhmät Tämä käyttäjä on" POSITION="Left Fill" HIDDEN="N">
	<Table FIELDNAME="Table1" HEIGHT="10" WIDTH="15" POSITION="Left Fill">
	  <TableTextField FIELDNAME="cc" DESCRIPTION="KeePass Group" LENGTH="10" DECIMALS="0" DATA_TYPE="CHR" DATA_LEN="30" PROTECTED="N" ZERO_FILL="N" ENCRYPT="Y" ALIGNMENT="Center" LINK="KeePass018" PARAMETER="@aa" />
	  <TableTextField FIELDNAME="dd" DESCRIPTION="Kuvaus" LENGTH="25" DECIMALS="0" DATA_TYPE="CHR" DATA_LEN="30" PROTECTED="N" ZERO_FILL="N" ENCRYPT="Y" ALIGNMENT="Center" />
	  <TableCheckBox FIELDNAME="ee" DESCRIPTION="Aktiivinen" ENCRYPT="Y" />
	</Table>
      </Panel>
    </TabItem>
  </TabGroup>
  <Panel POSITION="Left Fill" HIDDEN="N">
    <Button FIELDNAME="pbndles" DESCRIPTION="Luo KeePass Group" POSITION="Left" LINK="KeePass017" METHOD_CLASS="server.Akin" METHOD="getBndList" />
  </Panel>
</SCRIPT>

